"cueanexo","nombre","sector","ambito","modalidad","oferta_agregada","origen","total"
"540000100","ESC. Nº 661: ""LOS PARAISOS""","Estatal","Rural Aglomerado","Común","Primario","Ecuador",1
"540000100","ESC. Nº 661: ""LOS PARAISOS""","Estatal","Rural Aglomerado","Común","Primario","Paraguay",4
"540001200","INST. EDUCATIVO ""LOS LAPACHOS""","Privado","Urbano","Común","Jardín de Infantes","Brasil",2
"540001200","INST. EDUCATIVO ""LOS LAPACHOS""","Privado","Urbano","Común","Primario","Brasil",3
"540001200","INST. EDUCATIVO ""LOS LAPACHOS""","Privado","Urbano","Común","Primario","Colombia",1
"540001200","INST. EDUCATIVO ""LOS LAPACHOS""","Privado","Urbano","Común","Primario","Paraguay",1
"540001200","INST. EDUCATIVO ""LOS LAPACHOS""","Privado","Urbano","Común","Primario","Venezuela",2
"540001200","INST. EDUCATIVO ""LOS LAPACHOS""","Privado","Urbano","Común","Secundario/Medio/Polimodal","Colombia",1
"540001200","INST. EDUCATIVO ""LOS LAPACHOS""","Privado","Urbano","Común","Secundario/Medio/Polimodal","Paraguay",1
"540001200","INST. EDUCATIVO ""LOS LAPACHOS""","Privado","Urbano","Común","Secundario/Medio/Polimodal","Venezuela",2
"540001300","ESC. Nº 583: ""CAPITÁN DE CORBETA: CARLOS MARIA ZUBIZARRETA""","Estatal","Urbano","Común","Primario","Paraguay",2
"540001500","ESC. ADULTOS Nº 14","Estatal","Urbano","Adultos","Primario","Paraguay",5
"540002100","ESC. Nº 71: ""MARIA AUXILIADORA""","Estatal","Urbano","Común","Primario","Venezuela",1
"540003700","ESC. ADULTOS Nº 34","Estatal","Urbano","Adultos","Formación Profesional/Capacitación Laboral","Paraguay",1
"540004100","ESC. Nº 614: ""ARTURO M. BAS"" (F.J.C.)","Estatal","Urbano","Común","Primario","Bolivia",1
"540004200","INST. SUP. ""CEFERINO NAMUNCURA""","Privado","Urbano","Común","Jardín de Infantes","Colombia",1
"540004200","INST. SUP. ""CEFERINO NAMUNCURA""","Privado","Urbano","Común","Primario","Brasil",2
"540004200","INST. SUP. ""CEFERINO NAMUNCURA""","Privado","Urbano","Común","Primario","Colombia",1
"540004200","INST. SUP. ""CEFERINO NAMUNCURA""","Privado","Urbano","Común","Secundario/Medio/Polimodal","Brasil",1
"540004200","INST. SUP. ""CEFERINO NAMUNCURA""","Privado","Urbano","Común","Secundario/Medio/Polimodal","Europa",1
"540005200","ESC. Nº 432: ""PEDRO NUÑEZ""","Estatal","Rural Aglomerado","Común","Primario","Paraguay",1
"540005700","ESC. Nº 177","Estatal","Urbano","Común","Primario","Paraguay",1
"540006200","CENTRO. EDUC. ALAS Y RAICES","Privado","Urbano","Común","Superior No Universitario","Colombia",1
"540006200","CENTRO. EDUC. ALAS Y RAICES","Privado","Urbano","Común","Superior No Universitario","Paraguay",1
"540007000","INST. ""SAN JUAN PABLO II""","Privado","Urbano","Común","Jardín de Infantes","Chile",1
"540007000","INST. ""SAN JUAN PABLO II""","Privado","Urbano","Común","Primario","Chile",1
"540007000","INST. ""SAN JUAN PABLO II""","Privado","Urbano","Común","Secundario/Medio/Polimodal","Colombia",1
"540007000","INST. ""SAN JUAN PABLO II""","Privado","Urbano","Común","Secundario/Medio/Polimodal","Europa",2
"540007400","ESC. Nº 115: ""RUINAS DE LORETO""","Estatal","Rural","Común","Primario","Paraguay",2
"540007500","ESC. Nº 107","Estatal","Rural Disperso","Común","Primario","Paraguay",1
"540007600","ESC. Nº 51","Estatal","Rural Disperso","Común","Jardín de Infantes","Paraguay",1
"540007700","ESC. Nº 45: ""PTE. JUAN DOMINGO PERON""","Estatal","Urbano","Común","Primario","Paraguay",5
"540007900","ESC. Nº 609: ""MANUEL DORREGO"" (J.C.)","Estatal","Urbano","Común","Primario","Paraguay",2
"540008000","ESC. Nº 200: ""SAN IGNACIO DE LOYOLA""","Estatal","Urbano","Común","Primario","Colombia",1
"540008000","ESC. Nº 200: ""SAN IGNACIO DE LOYOLA""","Estatal","Urbano","Común","Primario","Otros países de América",3
"540008000","ESC. Nº 200: ""SAN IGNACIO DE LOYOLA""","Estatal","Urbano","Común","Primario","Paraguay",1
"540008100","ESC. Nº 615: ""MARIANO MORENO""","Estatal","Urbano","Común","Primario","Colombia",1
"540008100","ESC. Nº 615: ""MARIANO MORENO""","Estatal","Urbano","Común","Primario","Paraguay",2
"540008300","ESC. ESPECIAL CARCELARIA Nº 25 (UP5)","Estatal","Urbano","Adultos","Primario","Paraguay",2
"540008400","ESC. ADULTOS Nº 19","Estatal","Urbano","Adultos","Formación Profesional/Capacitación Laboral","Paraguay",2
"540009500","ESC. ESPECIAL CARCELARIA Nº 24: ""J. M. ESTRADA"" (UP17)","Estatal","Rural","Adultos","Primario","Brasil",1
"540009500","ESC. ESPECIAL CARCELARIA Nº 24: ""J. M. ESTRADA"" (UP17)","Estatal","Rural","Adultos","Primario","Paraguay",8
"540011100","ESC. ADULTOS Nº 08: ""SGO. DEL ESTERO""","Estatal","Urbano","Adultos","Formación Profesional/Capacitación Laboral","Asia",1
"540011100","ESC. ADULTOS Nº 08: ""SGO. DEL ESTERO""","Estatal","Urbano","Adultos","Formación Profesional/Capacitación Laboral","Paraguay",3
"540011100","ESC. ADULTOS Nº 08: ""SGO. DEL ESTERO""","Estatal","Urbano","Adultos","Formación Profesional/Capacitación Laboral","Perú",1
"540011100","ESC. ADULTOS Nº 08: ""SGO. DEL ESTERO""","Estatal","Urbano","Adultos","Primario","Brasil",1
"540011100","ESC. ADULTOS Nº 08: ""SGO. DEL ESTERO""","Estatal","Urbano","Adultos","Primario","Paraguay",10
"540011100","ESC. ADULTOS Nº 08: ""SGO. DEL ESTERO""","Estatal","Urbano","Adultos","Primario","Venezuela",1
"540011200","C.E.N.S. Nº 176","Estatal","Urbano","Adultos","Secundario/Medio","Paraguay",1
"540011200","C.E.N.S. Nº 176","Estatal","Urbano","Común","Secundario/Medio/Polimodal","Paraguay",2
"540012000","INST. ADVENTISTA ""MONTECARLO""","Privado","Urbano","Común","Primario","Colombia",1
"540012000","INST. ADVENTISTA ""MONTECARLO""","Privado","Urbano","Común","Primario","Uruguay",1
"540012000","INST. ADVENTISTA ""MONTECARLO""","Privado","Urbano","Común","Secundario/Medio/Polimodal","Colombia",1
"540013900","ESC. DE COMERCIO Nº 04","Estatal","Urbano","Adultos","Secundario/Medio","Brasil",1
"540014000","INST. ADVENTISTA ""WANDA""","Privado","Urbano","Común","Primario","Colombia",10
"540014000","INST. ADVENTISTA ""WANDA""","Privado","Urbano","Común","Primario","Venezuela",1
"540014500","ESC. Nº 76: ""MARINA ARGENTINA""","Estatal","Urbano","Común","Primario","Paraguay",2
"540014600","ESC. Nº 521: ""JOSE GERVASIO ARTIGAS""","Estatal","Urbano","Común","Primario","Paraguay",6
"540014600","ESC. Nº 521: ""JOSE GERVASIO ARTIGAS""","Estatal","Urbano","Común","Primario","Perú",2
"540017000","ESC. Nº 391","Estatal","Rural","Común","Primario","Brasil",1
"540017800","B.O.P. Nº 26","Estatal","Rural","Común","Secundario/Medio/Polimodal","Asia",2
"540020800","INST. ""SAN ALBERTO MAGNO""","Privado","Urbano","Común","Primario","Paraguay",1
"540020800","INST. ""SAN ALBERTO MAGNO""","Privado","Urbano","Común","Secundario/Medio/Polimodal","Colombia",2
"540020800","INST. ""SAN ALBERTO MAGNO""","Privado","Urbano","Común","Secundario/Medio/Polimodal","Paraguay",3
"540021000","ESC. Nº 610 (F.J.C.)","Estatal","Rural","Común","Primario","Brasil",3
"540022400","ESC. Nº 197: ""SOLDADO ARGENTINO""","Estatal","Rural Disperso","Común","Primario","Brasil",6
"540023300","ESC. Nº 563: ""JACOBO LENUZZA""","Estatal","Rural Disperso","Común","Primario","Brasil",1
"540023600","ESC. DE COMERCIO Nº 19","Estatal","Urbano","Común","Secundario/Medio/Polimodal","Brasil",1
"540023600","ESC. DE COMERCIO Nº 19","Estatal","Urbano","Común","Secundario/Medio/Polimodal","Colombia",1
"540023600","ESC. DE COMERCIO Nº 19","Estatal","Urbano","Común","Secundario/Medio/Polimodal","Paraguay",2
"540023900","INST. ""SAN FRANCISCO DE ASIS""","Privado","Urbano","Común","Primario","Colombia",1
"540024500","ESC. Nº 326: ""PREFECTURA NAVAL ARGENTINA""","Estatal","Rural Aglomerado","Común","Primario","Paraguay",5
"540024500","ESC. Nº 326: ""PREFECTURA NAVAL ARGENTINA""","Estatal","Rural Aglomerado","Común","Primario","Uruguay",1
"540026100","ESC. Nº 274","Estatal","Urbano","Común","Primario","Paraguay",5
"540026600","ESC. Nº 458: ""JAPON""","Estatal","Rural Disperso","Común","Primario","Paraguay",1
"540027000","B.O.P. Nº 34","Estatal","Rural Aglomerado","Común","Secundario/Medio/Polimodal","Paraguay",2
"540027200","ESC. ESPECIAL Nº 16","Estatal","Urbano","Especial","Primario","Paraguay",1
"540027900","INST. SUP. ADVENTISTA DE MISIONES","Privado","Rural Aglomerado","Común","Primario","Bolivia",1
"540027900","INST. SUP. ADVENTISTA DE MISIONES","Privado","Rural Aglomerado","Común","Secundario/Medio/Polimodal","Bolivia",1
"540027900","INST. SUP. ADVENTISTA DE MISIONES","Privado","Rural Aglomerado","Común","Secundario/Medio/Polimodal","Brasil",1
"540027900","INST. SUP. ADVENTISTA DE MISIONES","Privado","Rural Aglomerado","Común","Secundario/Medio/Polimodal","Chile",1
"540027900","INST. SUP. ADVENTISTA DE MISIONES","Privado","Rural Aglomerado","Común","Secundario/Medio/Polimodal","Europa",3
"540027900","INST. SUP. ADVENTISTA DE MISIONES","Privado","Rural Aglomerado","Común","Secundario/Medio/Polimodal","Paraguay",5
"540027900","INST. SUP. ADVENTISTA DE MISIONES","Privado","Rural Aglomerado","Común","Superior No Universitario","Bolivia",1
"540027900","INST. SUP. ADVENTISTA DE MISIONES","Privado","Rural Aglomerado","Común","Superior No Universitario","Chile",1
"540027900","INST. SUP. ADVENTISTA DE MISIONES","Privado","Rural Aglomerado","Común","Superior No Universitario","Paraguay",1
"540027900","INST. SUP. ADVENTISTA DE MISIONES","Privado","Rural Aglomerado","Común","Superior No Universitario","Paraguay",2
"540027900","INST. SUP. ADVENTISTA DE MISIONES","Privado","Rural Aglomerado","Común","Superior No Universitario","Perú",1
"540027900","INST. SUP. ADVENTISTA DE MISIONES","Privado","Rural Aglomerado","Común","Superior No Universitario","Perú",2
"540027900","INST. SUP. ADVENTISTA DE MISIONES","Privado","Rural Aglomerado","Común","Superior No Universitario","Uruguay",1
"540028400","ESC. Nº 62: ""TTE.CNEL. DE MARINA LUIS PIEDRABUENA""","Estatal","Urbano","Común","Primario","Venezuela",4
"540031100","INST. ""CARLOS CULMEY""","Privado","Urbano","Adultos","Formación Profesional/Capacitación Laboral","Europa",1
"540031100","INST. ""CARLOS CULMEY""","Privado","Urbano","Común","Primario","Brasil",1
"540031100","INST. ""CARLOS CULMEY""","Privado","Urbano","Común","Primario","Europa",2
"540031100","INST. ""CARLOS CULMEY""","Privado","Urbano","Común","Secundario/Medio/Polimodal","Bolivia",1
"540031100","INST. ""CARLOS CULMEY""","Privado","Urbano","Común","Secundario/Medio/Polimodal","Europa",1
"540032800","INST. ADVENTISTA ""ARISTÓBULO DEL VALLE""","Privado","Rural","Común","Primario","Europa",2
"540032900","ESC. DE COMERCIO Nº 13","Estatal","Urbano","Común","Secundario/Medio/Polimodal","Colombia",1
"540034100","ESC. Nº 290","Estatal","Rural","Común","Primario","Uruguay",1
"540037400","ESC. Nº 520: ""9 DE JULIO""","Estatal","Rural Disperso","Común","Primario","Paraguay",1
"540038300","ESC. Nº 39: ""HECTOR JUVENAL MACHADO""","Estatal","Rural Disperso","Común","Primario","Paraguay",1
"540040403","Aula Sat. Nº 03: ""ESC. Nº 06""","Estatal","Rural","Común","Primario","Brasil",1
"540041000","ESC. Nº 725","Estatal","Urbano","Común","Primario","Brasil",1
"540041000","ESC. Nº 725","Estatal","Urbano","Común","Primario","Paraguay",3
"540041700","ESC. Nº 465: ""TEODORO S. DE BUSTAMANTE""","Estatal","Rural","Común","Primario","Paraguay",1
"540041800","ESC. DE COMERCIO Nº 02: ""INDEPENDENCIA NACIONAL""","Estatal","Urbano","Común","Secundario/Medio/Polimodal","Colombia",1
"540041800","ESC. DE COMERCIO Nº 02: ""INDEPENDENCIA NACIONAL""","Estatal","Urbano","Común","Secundario/Medio/Polimodal","Paraguay",3
"540041900","INST. CANOSSIANO ""NTRA. SRA. DE LA SALUD""","Privado","Urbano","Común","Secundario/Medio/Polimodal","Colombia",1
"540043901","Aula Sat. Nº 01: ""ESC. Nº 251"" (Ex ESC. Nº 188 ""PAULO VI"")","Estatal","Rural Disperso","Común","Primario","Paraguay",1
"540048200","ESC. ADULTOS Nº 06","Estatal","Urbano","Adultos","Formación Profesional/Capacitación Laboral","Colombia",1
"540049700","ESC. Nº 612 (F.J.C.)","Estatal","Urbano","Común","Primario","Brasil",9
"540050700","INST. SUP. ""DEL PROF. DE ARTE""","Estatal","Urbano","Común","Superior No Universitario","Colombia",1
"540050900","INST. PRIV. ""DE ESTUDIOS SUPERIORES (I.P.E.T.)""","Privado","Urbano","Común","Secundario/Medio/Polimodal","Europa",1
"540052200","ESC. Nº 84: ""AURORA SOLIS DE  BARNATAN""","Estatal","Urbano","Común","Primario","Paraguay",2
"540052400","INST. ""VIRGEN DE ITATI""","Privado","Urbano","Adultos","Formación Profesional/Capacitación Laboral","Colombia",2
"540052400","INST. ""VIRGEN DE ITATI""","Privado","Urbano","Adultos","Formación Profesional/Capacitación Laboral","Paraguay",3
"540052400","INST. ""VIRGEN DE ITATI""","Privado","Urbano","Común","Secundario/Medio/Polimodal","Paraguay",3
"540052900","ESC. Nº 156: ""EL GUATAMBU""","Estatal","Rural","Común","Primario","Paraguay",1
"540053800","ESC. Nº 721: ""JUAN M. IRRAZABAL""","Estatal","Urbano","Común","Primario","Paraguay",1
"540054300","INST. ""SAN MIGUEL""","Privado","Urbano","Común","Primario","Paraguay",1
"540054500","ESC. Nº 730: ""TAMBOR DE TACUARI""","Estatal","Urbano","Común","Primario","Paraguay",4
"540055000","INST. ""SANTIAGO CANCLINI""","Privado","Urbano","Común","Primario","Brasil",2
"540055000","INST. ""SANTIAGO CANCLINI""","Privado","Urbano","Común","Secundario/Medio/Polimodal","Brasil",2
"540055000","INST. ""SANTIAGO CANCLINI""","Privado","Urbano","Común","Secundario/Medio/Polimodal","Europa",1
"540055200","E.P.E.T. Nº 09","Estatal","Urbano","Común","Secundario/Medio/Polimodal","Otros países de América",1
"540055800","B.O.P. Nº 22: ""Andrés Guacurarí""","Estatal","Urbano","Adultos","Secundario/Medio","Paraguay",2
"540056300","ESC. DE COMERCIO Nº 03: ""J.J.LANUSSE""","Estatal","Urbano","Común","Secundario/Medio/Polimodal","Paraguay",1
"540056300","ESC. DE COMERCIO Nº 03: ""J.J.LANUSSE""","Estatal","Urbano","Común","Secundario/Medio/Polimodal","Venezuela",1
"540056600","ESC. Nº 658","Estatal","Urbano","Común","Primario","Colombia",1
"540056700","INST. ""LA INMACULADA""","Privado","Urbano","Común","Jardín de Infantes","Brasil",1
"540056700","INST. ""LA INMACULADA""","Privado","Urbano","Común","Primario","Brasil",1
"540056700","INST. ""LA INMACULADA""","Privado","Urbano","Común","Primario","Colombia",2
"540057600","ESC. Nº 740","Estatal","Urbano","Común","Primario","Brasil",3
"540058800","ESC. Nº 346: ""SAN ISIDRO LABRADOR""","Estatal","Rural Disperso","Común","Primario","Paraguay",1
"540058900","ESC. Nº 122: ""COMB. DE SAN LORENZO""","Estatal","Urbano","Común","Primario","Paraguay",2
"540059200","ESC. Nº 57: ""CMTE. ANDRESITO GUACURARI""","Estatal","Urbano","Común","Primario","Paraguay",1
"540059300","INST. ""DON BOSCO""","Privado","Urbano","Común","Primario","Paraguay",1
"540059300","INST. ""DON BOSCO""","Privado","Urbano","Común","Primario","Venezuela",1
"540059700","ESC. DE COMERCIO Nº 11","Estatal","Urbano","Común","Secundario/Medio/Polimodal","Brasil",3
"540059700","ESC. DE COMERCIO Nº 11","Estatal","Urbano","Común","Secundario/Medio/Polimodal","Paraguay",2
"540059800","ESC. Nº 616: ""ARMADA NACIONAL""","Estatal","Urbano","Común","Primario","Brasil",1
"540059800","ESC. Nº 616: ""ARMADA NACIONAL""","Estatal","Urbano","Común","Primario","Colombia",1
"540060800","ESC. Nº 453: ""SIERRA GRANDE""","Estatal","Urbano","Común","Primario","Brasil",1
"540060800","ESC. Nº 453: ""SIERRA GRANDE""","Estatal","Urbano","Común","Primario","Europa",1
"540061300","ESC. Nº 226","Estatal","Rural Disperso","Común","Primario","Brasil",2
"540061600","ESC. NORMAL SUP. Nº 13","Estatal","Urbano","Común","Jardín de Infantes","Brasil",1
"540061600","ESC. NORMAL SUP. Nº 13","Estatal","Urbano","Común","Secundario/Medio/Polimodal","Brasil",1
"540061900","ESC. NORMAL SUP. Nº 10: ""SAN ANTONIO"" (ANEXO COMERCIAL)","Estatal","Urbano","Común","Superior No Universitario","Paraguay",6
"540062100","E.P.E.T. Nº 01: ""UNESCO""","Estatal","Urbano","Común","Secundario/Medio/Polimodal","Colombia",1
"540062100","E.P.E.T. Nº 01: ""UNESCO""","Estatal","Urbano","Común","Secundario/Medio/Polimodal","Otros países de América",1
"540062200","INST. ""SAN ALBERTO MAGNO""","Privado","Urbano","Adultos","Formación Profesional/Capacitación Laboral","Paraguay",2
"540062200","INST. ""SAN ALBERTO MAGNO""","Privado","Urbano","Adultos","Formación Profesional/Capacitación Laboral","Perú",1
"540062200","INST. ""SAN ALBERTO MAGNO""","Privado","Urbano","Común","Primario","Asia",1
"540062200","INST. ""SAN ALBERTO MAGNO""","Privado","Urbano","Común","Primario","Paraguay",1
"540062200","INST. ""SAN ALBERTO MAGNO""","Privado","Urbano","Común","Secundario/Medio/Polimodal","Paraguay",3
"540062200","INST. ""SAN ALBERTO MAGNO""","Privado","Urbano","Común","Secundario/Medio/Polimodal","Perú",1
"540062300","ESC. ESPECIAL Nº 08","Estatal","Urbano","Especial","Educacion integral para adolescentes y jovenes","Paraguay",1
"540062300","ESC. ESPECIAL Nº 08","Estatal","Urbano","Especial","Primario","Paraguay",2
"540062800","INST. ""SAN IGNACIO DE LOYOLA""","Privado","Urbano","Común","Primario","Colombia",1
"540062800","INST. ""SAN IGNACIO DE LOYOLA""","Privado","Urbano","Común","Primario","Paraguay",1
"540062900","ESC. Nº 125: ""MARTIN M. DE GUEMES""","Estatal","Urbano","Común","Primario","Paraguay",1
"540063500","I.P.E.S.M.I.","Privado","Urbano","Común","Secundario/Medio/Polimodal","Asia",1
"540063500","I.P.E.S.M.I.","Privado","Urbano","Común","Superior No Universitario","Otros países de América",1
"540063600","INST. SUP. ""ROQUE GONZALEZ""","Privado","Urbano","Común","Primario","Otros países de América",1
"540063600","INST. SUP. ""ROQUE GONZALEZ""","Privado","Urbano","Común","Primario","Uruguay",1
"540063600","INST. SUP. ""ROQUE GONZALEZ""","Privado","Urbano","Común","Secundario/Medio/Polimodal","Asia",1
"540063600","INST. SUP. ""ROQUE GONZALEZ""","Privado","Urbano","Común","Secundario/Medio/Polimodal","Europa",1
"540063600","INST. SUP. ""ROQUE GONZALEZ""","Privado","Urbano","Común","Superior No Universitario","Paraguay",1
"540064000","ESC. NORMAL SUP. Nº 03: ""JOSE M. ESTRADA""","Estatal","Urbano","Común","Secundario/Medio/Polimodal","Otros países de América",1
"540064000","ESC. NORMAL SUP. Nº 03: ""JOSE M. ESTRADA""","Estatal","Urbano","Común","Secundario/Medio/Polimodal","Paraguay",6
"540064000","ESC. NORMAL SUP. Nº 03: ""JOSE M. ESTRADA""","Estatal","Urbano","Común","Superior No Universitario","Perú",1
"540064100","ESC. DE COMERCIO Nº 10","Estatal","Urbano","Común","Secundario/Medio/Polimodal","Brasil",1
"540064200","B.O.P. Nº 05: ""JUAN MARTIN DE PUEYRREDON""","Estatal","Urbano","Adultos","Secundario/Medio","Paraguay",3
"540064200","B.O.P. Nº 05: ""JUAN MARTIN DE PUEYRREDON""","Estatal","Urbano","Común","Secundario/Medio/Polimodal","Paraguay",12
"540064201","Aula Sat. Nº 01: ""B.O.P. Nº 05"" (UP17)","Estatal","Urbano","Adultos","Secundario/Medio","Paraguay",1
"540064400","ESC. Nº 285: ""SANTA CECILIA""","Estatal","Urbano","Común","Primario","Paraguay",5
"540064600","ESC. Nº 698: ""SARANDI HISTORICO""","Estatal","Urbano","Común","Primario","Paraguay",6
"540064600","ESC. Nº 698: ""SARANDI HISTORICO""","Estatal","Urbano","Común","Primario","Venezuela",1
"540065000","ESC. Nº 462: ""GENERAL MANUEL BELGRANO""","Estatal","Urbano","Común","Primario","Paraguay",2
"540065100","ESC. Nº 722: ""Eduardo Horacio Arrabal""","Estatal","Urbano","Común","Primario","Paraguay",1
"540065100","ESC. Nº 722: ""Eduardo Horacio Arrabal""","Estatal","Urbano","Común","Primario","Venezuela",1
"540065400","B.O.P. Nº 23 ""Demetrio Koropeski""","Estatal","Urbano","Común","Secundario/Medio/Polimodal","Brasil",2
"540065400","B.O.P. Nº 23 ""Demetrio Koropeski""","Estatal","Urbano","Común","Secundario/Medio/Polimodal","Colombia",1
"540065400","B.O.P. Nº 23 ""Demetrio Koropeski""","Estatal","Urbano","Común","Secundario/Medio/Polimodal","Paraguay",1
"540065500","ESC. Nº 778: ""PABLO AREGUATI""","Estatal","Urbano","Común","Primario","Brasil",1
"540065500","ESC. Nº 778: ""PABLO AREGUATI""","Estatal","Urbano","Común","Primario","Paraguay",5
"540065700","ESC. NORMAL SUP. Nº 08 ""REMEDIOS ESCALADA DE SAN MARTÍN""","Estatal","Urbano","Común","Primario","Colombia",2
"540065700","ESC. NORMAL SUP. Nº 08 ""REMEDIOS ESCALADA DE SAN MARTÍN""","Estatal","Urbano","Común","Primario","Paraguay",3
"540065700","ESC. NORMAL SUP. Nº 08 ""REMEDIOS ESCALADA DE SAN MARTÍN""","Estatal","Urbano","Común","Secundario/Medio/Polimodal","Brasil",2
"540065700","ESC. NORMAL SUP. Nº 08 ""REMEDIOS ESCALADA DE SAN MARTÍN""","Estatal","Urbano","Común","Secundario/Medio/Polimodal","Colombia",2
"540065700","ESC. NORMAL SUP. Nº 08 ""REMEDIOS ESCALADA DE SAN MARTÍN""","Estatal","Urbano","Común","Secundario/Medio/Polimodal","Otros países de América",2
"540065700","ESC. NORMAL SUP. Nº 08 ""REMEDIOS ESCALADA DE SAN MARTÍN""","Estatal","Urbano","Común","Secundario/Medio/Polimodal","Uruguay",1
"540065700","ESC. NORMAL SUP. Nº 08 ""REMEDIOS ESCALADA DE SAN MARTÍN""","Estatal","Urbano","Común","Secundario/Medio/Polimodal","Venezuela",2
"540065700","ESC. NORMAL SUP. Nº 08 ""REMEDIOS ESCALADA DE SAN MARTÍN""","Estatal","Urbano","Común","Superior No Universitario","Paraguay",1
"540066100","ESC. ADULTOS Nº 11","Estatal","Urbano","Adultos","Primario","Paraguay",3
"540066600","ESC. N° 269 ""NUESTRA SEÑORA DE LA ANUNCIACION DE ITAPUA""","Estatal","Urbano","Común","Primario","Paraguay",1
"540066800","ESC. Nº 445: ""LIBERTADORES DE AMERICA""","Estatal","Urbano","Común","Primario","Paraguay",1
"540066900","ESC. NORMAL SUP. Nº 11","Estatal","Urbano","Común","Secundario/Medio/Polimodal","Paraguay",2
"540066900","ESC. NORMAL SUP. Nº 11","Estatal","Urbano","Común","Superior No Universitario","Colombia",1
"540067000","INST. ADVENTISTA ""PUERTO IGUAZÚ""","Privado","Urbano","Común","Jardín de Infantes","Brasil",8
"540067000","INST. ADVENTISTA ""PUERTO IGUAZÚ""","Privado","Urbano","Común","Jardín de Infantes","Otros países de América",1
"540067000","INST. ADVENTISTA ""PUERTO IGUAZÚ""","Privado","Urbano","Común","Primario","Brasil",12
"540067000","INST. ADVENTISTA ""PUERTO IGUAZÚ""","Privado","Urbano","Común","Primario","Colombia",2
"540067000","INST. ADVENTISTA ""PUERTO IGUAZÚ""","Privado","Urbano","Común","Primario","Perú",1
"540067000","INST. ADVENTISTA ""PUERTO IGUAZÚ""","Privado","Urbano","Común","Secundario/Medio/Polimodal","Brasil",2
"540067000","INST. ADVENTISTA ""PUERTO IGUAZÚ""","Privado","Urbano","Común","Secundario/Medio/Polimodal","Colombia",1
"540067000","INST. ADVENTISTA ""PUERTO IGUAZÚ""","Privado","Urbano","Común","Secundario/Medio/Polimodal","Venezuela",1
"540068800","ESC. DE COMERCIO Nº 06 ""MARIANO MORENO""","Estatal","Urbano","Adultos","Secundario/Medio","Paraguay",2
"540068800","ESC. DE COMERCIO Nº 06 ""MARIANO MORENO""","Estatal","Urbano","Común","Secundario/Medio/Polimodal","Colombia",2
"540068800","ESC. DE COMERCIO Nº 06 ""MARIANO MORENO""","Estatal","Urbano","Común","Secundario/Medio/Polimodal","Paraguay",8
"540069100","ESC. SUP. DE DANZAS NATIVAS, ESPAÑOLAS Y CLÁSICAS","Estatal","Urbano","Común","Superior No Universitario","Bolivia",1
"540069100","ESC. SUP. DE DANZAS NATIVAS, ESPAÑOLAS Y CLÁSICAS","Estatal","Urbano","Común","Superior No Universitario","Otros países de América",1
"540069300","ESC. Nº 43: ""REINO DE ESPAÑA""","Estatal","Urbano","Común","Primario","Colombia",2
"540069300","ESC. Nº 43: ""REINO DE ESPAÑA""","Estatal","Urbano","Común","Primario","Otros países de América",1
"540069300","ESC. Nº 43: ""REINO DE ESPAÑA""","Estatal","Urbano","Común","Primario","Venezuela",1
"540070700","ESC. NORMAL SUP. ""EE.UU. DEL BRASIL""","Estatal","Urbano","Común","Primario","Europa",2
"540070700","ESC. NORMAL SUP. ""EE.UU. DEL BRASIL""","Estatal","Urbano","Común","Primario","Paraguay",1
"540070700","ESC. NORMAL SUP. ""EE.UU. DEL BRASIL""","Estatal","Urbano","Común","Superior No Universitario","Paraguay",1
"540071100","E.P.E.T. Nº 06","Estatal","Urbano","Común","Secundario/Medio/Polimodal","Paraguay",1
"540071400","ESC. Nº 530: ""ESCUADRON 9""","Estatal","Urbano","Común","Primario","Perú",1
"540071600","ESC. Nº 688","Estatal","Urbano","Común","Primario","Colombia",3
"540071700","INST. ""STELLA MARIS""","Privado","Urbano","Común","Primario","Colombia",2
"540074300","INST. ""INMACULADA CONCEPCION""","Privado","Urbano","Común","Primario","Paraguay",1
"540074300","INST. ""INMACULADA CONCEPCION""","Privado","Urbano","Común","Secundario/Medio/Polimodal","Colombia",3
"540074300","INST. ""INMACULADA CONCEPCION""","Privado","Urbano","Común","Secundario/Medio/Polimodal","Ecuador",2
"540074400","INST. PRIV. ""SAN BASILIO MAGNO""","Privado","Urbano","Común","Primario","Otros países de América",1
"540074400","INST. PRIV. ""SAN BASILIO MAGNO""","Privado","Urbano","Común","Secundario/Medio/Polimodal","Colombia",1
"540074500","INST. SUP. ""SANTA CATALINA""","Privado","Urbano","Común","Primario","Europa",1
"540074500","INST. SUP. ""SANTA CATALINA""","Privado","Urbano","Común","Primario","Venezuela",1
"540074500","INST. SUP. ""SANTA CATALINA""","Privado","Urbano","Común","Secundario/Medio/Polimodal","Paraguay",2
"540074500","INST. SUP. ""SANTA CATALINA""","Privado","Urbano","Común","Secundario/Medio/Polimodal","Venezuela",1
"540074500","INST. SUP. ""SANTA CATALINA""","Privado","Urbano","Común","Superior No Universitario","Paraguay",1
"540075800","ESC. Nº 515: ""JOSE DARRAGUEIRA""","Estatal","Rural","Común","Primario","Brasil",3
"540077600","ESC. Nº 95: ""BERNARDINO BERTOLOTTI""","Estatal","Rural Aglomerado","Común","Primario","Colombia",1
"540078700","ESC. Nº 652: ""TTE CNEL. HOMERO ENRIQUE JAUREGUI""","Estatal","Urbano","Común","Primario","Colombia",1
"540078800","COLEGIO Nº 02: ""MANUEL BELGRANO""","Estatal","Urbano","Común","Secundario/Medio/Polimodal","Colombia",1
"540079000","B.O.P. Nº 14","Estatal","Urbano","Adultos","Secundario/Medio","Paraguay",1
"540079000","B.O.P. Nº 14","Estatal","Urbano","Común","Secundario/Medio/Polimodal","Paraguay",4
"540079400","ESC. Nº 783: ""LOS KIRIS""","Estatal","Urbano","Común","Primario","Colombia",1
"540079700","ESC. ADULTOS Nº 24","Estatal","Urbano","Adultos","Primario","Paraguay",8
"540079800","B.O.P. Nº 35","Estatal","Urbano","Común","Secundario/Medio/Polimodal","Colombia",4
"540079800","B.O.P. Nº 35","Estatal","Urbano","Común","Secundario/Medio/Polimodal","Paraguay",4
"540080500","INST. ADVENTISTA ""ALTA GRACIA""","Privado","Urbano","Común","Jardín de Infantes","Brasil",2
"540080500","INST. ADVENTISTA ""ALTA GRACIA""","Privado","Urbano","Común","Primario","Brasil",2
"540080500","INST. ADVENTISTA ""ALTA GRACIA""","Privado","Urbano","Común","Secundario/Medio/Polimodal","Brasil",1
"540080500","INST. ADVENTISTA ""ALTA GRACIA""","Privado","Urbano","Común","Secundario/Medio/Polimodal","Colombia",1
"540081000","ESC. Nº 699: ""BATALLA DE MAIPÚ""","Estatal","Urbano","Común","Primario","Chile",1
"540081200","B.O.P. Nº 36","Estatal","Urbano","Común","Secundario/Medio/Polimodal","Colombia",2
"540081200","B.O.P. Nº 36","Estatal","Urbano","Común","Secundario/Medio/Polimodal","Paraguay",1
"540081300","ESC. Nº 356","Estatal","Urbano","Común","Primario","Chile",2
"540081300","ESC. Nº 356","Estatal","Urbano","Común","Primario","Colombia",5
"540081300","ESC. Nº 356","Estatal","Urbano","Común","Primario","Paraguay",1
"540081400","ESC. Nº 675: ""SAN JOSE DE CALASANZ""","Estatal","Urbano","Común","Primario","Paraguay",2
"540081500","ESC. Nº 674","Estatal","Urbano","Común","Primario","Venezuela",2
"540081600","ESC. Nº 748","Estatal","Rural Aglomerado","Común","Primario","Paraguay",1
"540082700","ESC. Nº 719: ""ANGELA JOOSTENS DE MARTIN""","Estatal","Urbano","Común","Primario","Paraguay",2
"540082900","ESC. Nº 689: ""P. ROBERTO LOWE""","Estatal","Urbano","Común","Primario","Paraguay",1
"540083200","ESC. ESPECIAL Nº 04: ""CELIA AIZPEOLEA DE MARTÍN""","Estatal","Urbano","Especial","Jardín Maternal","Paraguay",1
"540083200","ESC. ESPECIAL Nº 04: ""CELIA AIZPEOLEA DE MARTÍN""","Estatal","Urbano","Especial","Primario","Paraguay",1
"540083300","ESC. Nº 464: ""ALMIRANTE GUILLERMO BROWN""","Estatal","Urbano","Común","Primario","Bolivia",1
"540083600","ESC. NORMAL SUP. Nº 05: ""FRAY MAMERTO ESQUIU""","Estatal","Urbano","Común","Superior No Universitario","Otros países de América",1
"540084100","ESC. Nº 15","Estatal","Urbano","Común","Primario","Otros países de América",2
"540084100","ESC. Nº 15","Estatal","Urbano","Común","Primario","Paraguay",1
"540084200","ESC. Nº 74: ""GENDARMERIA NACIONAL""","Estatal","Urbano","Común","Primario","Ecuador",1
"540084200","ESC. Nº 74: ""GENDARMERIA NACIONAL""","Estatal","Urbano","Común","Primario","Otros países de América",2
"540084200","ESC. Nº 74: ""GENDARMERIA NACIONAL""","Estatal","Urbano","Común","Primario","Paraguay",1
"540084300","ESC. Nº 603: ""ONESIMO LEGUIZAMON"" (F.J.C)","Estatal","Urbano","Común","Primario","Brasil",1
"540084800","ESC. ADULTOS Nº 25: ""CARLOS OSVALDO CASTRO""","Estatal","Urbano","Adultos","Formación Profesional/Capacitación Laboral","Brasil",1
"540084802","Aula Sat. Nº 02: ""ESC. ADULTOS Nº 25""","Estatal","Rural","Adultos","Primario","Brasil",1
"540084803","Aula Sat. Nº 03: ""ESC. ADULTOS Nº 25""","Estatal","Rural","Adultos","Formación Profesional/Capacitación Laboral","Brasil",1
"540084900","ESC. Nº 106: ""JOHN F. KENNEDY""","Estatal","Urbano","Común","Primario","Venezuela",2
"540085500","ESC. Nº 135: ""SANTO DE LA ESPADA""","Estatal","Rural","Común","Primario","Paraguay",4
"540086000","ESC. ESPECIAL CARCELARIA Nº 23 (UP3)","Estatal","Urbano","Adultos","Primario","Brasil",6
"540086000","ESC. ESPECIAL CARCELARIA Nº 23 (UP3)","Estatal","Urbano","Adultos","Primario","Paraguay",5
"540086200","ESC. Nº 452: ""ANTARTIDA ARGENTINA""","Estatal","Rural Aglomerado","Común","Primario","Paraguay",3
"540086600","ESC. ESPECIAL Nº 10 ""SORDOS E HIPOACUSICOS""","Estatal","Urbano","Especial","Primario","Paraguay",1
"540086800","ESC. NORMAL SUP. ""MARIANO MORENO""","Estatal","Urbano","Común","Primario","Colombia",1
"540086900","ESC. DE COMERCIO Nº 05","Estatal","Urbano","Común","Secundario/Medio/Polimodal","Brasil",3
"540086900","ESC. DE COMERCIO Nº 05","Estatal","Urbano","Común","Secundario/Medio/Polimodal","Colombia",2
"540086900","ESC. DE COMERCIO Nº 05","Estatal","Urbano","Común","Secundario/Medio/Polimodal","Paraguay",1
"540087000","ESC. Nº 701: ""AMANDA JOSEFA TORRES""","Estatal","Urbano","Común","Primario","Brasil",2
"540088100","ESC. Nº 714","Estatal","Rural Aglomerado","Común","Primario","Paraguay",1
"540088200","INST. ""NTRA. SRA. DE LOS MILAGROS""","Privado","Urbano","Común","Secundario/Medio/Polimodal","Paraguay",1
"540090900","ESC. Nº 114: ""FRAGATA SANTÍSIMA TRINIDAD""","Estatal","Urbano","Común","Primario","Paraguay",4
"540091000","ESC. Nº 144: ""GRANADERO SANTIAGO GUAYCHA""","Estatal","Urbano","Común","Primario","Colombia",1
"540091600","INST. ""SAN FRANCISCO""","Privado","Urbano","Común","Secundario/Medio/Polimodal","Colombia",2
"540093600","ESC. Nº 765","Estatal","Urbano","Común","Primario","Venezuela",1
"540093700","ESC. Nº 569: ""FRAGATA ARGENTINA""","Estatal","Urbano","Común","Primario","Brasil",3
"540094000","ESC. Nº 604: ""MAYOR JUAN LEONETTI""  (F.J.C.) (""INTERC.BILINGUE Nº1"")","Estatal","Urbano","Común","Primario","Brasil",2
"540094000","ESC. Nº 604: ""MAYOR JUAN LEONETTI""  (F.J.C.) (""INTERC.BILINGUE Nº1"")","Estatal","Urbano","Común","Primario","Venezuela",1
"540096300","INST. SUP. ""SAN JOSE""","Privado","Urbano","Común","Jardín de Infantes","Brasil",2
"540096300","INST. SUP. ""SAN JOSE""","Privado","Urbano","Común","Primario","Brasil",1
"540096300","INST. SUP. ""SAN JOSE""","Privado","Urbano","Común","Primario","Venezuela",1
"540096800","ESC. Nº 506: ""LA RECONQUISTA""","Estatal","Rural Aglomerado","Común","Primario","Paraguay",1
"540097200","INST. FAMILIAR ""GUMERCINDO ESQUIVEL""","Privado","Urbano","Común","Jardín de Infantes","Colombia",1
"540097200","INST. FAMILIAR ""GUMERCINDO ESQUIVEL""","Privado","Urbano","Común","Primario","Colombia",1
"540097200","INST. FAMILIAR ""GUMERCINDO ESQUIVEL""","Privado","Urbano","Común","Secundario/Medio/Polimodal","Colombia",1
"540098700","INST. ""MADRE TERESA MICHEL""","Privado","Urbano","Común","Primario","Brasil",1
"540098800","E.P.E.T. Nº 11","Estatal","Urbano","Común","Secundario/Medio/Polimodal","Europa",2
"540098800","E.P.E.T. Nº 11","Estatal","Urbano","Común","Secundario/Medio/Polimodal","Paraguay",1
"540098900","ESC. Nº 354: ""GRAL. SAN MARTÍN""","Estatal","Rural","Común","Primario","Paraguay",5
"540099100","ESC. NORMAL SUP. Nº 02: ""MANUEL BELGRANO""","Estatal","Urbano","Adultos","Secundario/Medio","Ecuador",2
"540099100","ESC. NORMAL SUP. Nº 02: ""MANUEL BELGRANO""","Estatal","Urbano","Común","Superior No Universitario","Paraguay",1
"540100500","ESC. Nº 659: ""PADRE ANTONIO SEEP"" (INT. BILINGÜE)","Estatal","Rural Disperso","Común","Primario","Paraguay",1
"540100600","ESC. Nº 130: ""MANUEL BELGRANO""","Estatal","Rural Aglomerado","Común","Primario","Paraguay",4
"540102900","ESC. Nº 234: ""ING. JORGE NEWBERY""","Estatal","Urbano","Común","Primario","Colombia",2
"540103300","ESC. Nº 728","Estatal","Urbano","Común","Primario","Colombia",1
"540103800","ESC. Nº 643: ""HUGO WAST""","Estatal","Urbano","Común","Primario","Paraguay",1
"540104400","E.P.E.T. Nº 02: ""CLOTILDE M.G.DE FERNANDEZ""","Estatal","Urbano","Común","Superior No Universitario","Europa",1
"540104500","B.O.P. Nº 09","Estatal","Urbano","Común","Secundario/Medio/Polimodal","Paraguay",5
"540104700","INST. SUP. ""ESPÍRITU SANTO""","Privado","Urbano","Adultos","Formación Profesional/Capacitación Laboral","Paraguay",3
"540104700","INST. SUP. ""ESPÍRITU SANTO""","Privado","Urbano","Común","Superior No Universitario","Paraguay",2
"540105300","INST. ""MADRE DE LA MISERICORDIA""","Privado","Urbano","Común","Secundario/Medio/Polimodal","Europa",1
"540105300","INST. ""MADRE DE LA MISERICORDIA""","Privado","Urbano","Común","Secundario/Medio/Polimodal","Paraguay",4
"540105400","INST. SUP. ""SANTA MARIA""","Privado","Urbano","Común","Jardín de Infantes","Chile",1
"540105400","INST. SUP. ""SANTA MARIA""","Privado","Urbano","Común","Jardín de Infantes","Europa",1
"540105400","INST. SUP. ""SANTA MARIA""","Privado","Urbano","Común","Primario","Ecuador",1
"540105400","INST. SUP. ""SANTA MARIA""","Privado","Urbano","Común","Primario","Paraguay",3
"540105400","INST. SUP. ""SANTA MARIA""","Privado","Urbano","Común","Secundario/Medio/Polimodal","Colombia",1
"540105400","INST. SUP. ""SANTA MARIA""","Privado","Urbano","Común","Secundario/Medio/Polimodal","Europa",2
"540105400","INST. SUP. ""SANTA MARIA""","Privado","Urbano","Común","Secundario/Medio/Polimodal","Paraguay",1
"540105400","INST. SUP. ""SANTA MARIA""","Privado","Urbano","Común","Secundario/Medio/Polimodal","Venezuela",2
"540105400","INST. SUP. ""SANTA MARIA""","Privado","Urbano","Común","Superior No Universitario","Paraguay",1
"540105400","INST. SUP. ""SANTA MARIA""","Privado","Urbano","Común","Superior No Universitario","Venezuela",1
"540105600","INST. ADVENTISTA ""MARIANO MORENO""","Privado","Urbano","Común","Primario","Paraguay",1
"540105600","INST. ADVENTISTA ""MARIANO MORENO""","Privado","Urbano","Común","Secundario/Medio/Polimodal","Paraguay",1
"540106200","ESC. Nº 475: ""PEDRO AVALIA""","Estatal","Rural Aglomerado","Común","Primario","Colombia",2
"540106800","INST. ""SAN JOSAFAT""","Privado","Urbano","Común","Primario","Colombia",1
"540106800","INST. ""SAN JOSAFAT""","Privado","Urbano","Común","Secundario/Medio/Polimodal","Colombia",2
"540106900","B.O.P. Nº 12","Estatal","Urbano","Común","Secundario/Medio/Polimodal","Paraguay",1
"540107100","INST. POLITÉCNICO ""SAN ARNOLDO JANSSEN""","Privado","Urbano","Común","Secundario/Medio/Polimodal","Paraguay",1
"540107100","INST. POLITÉCNICO ""SAN ARNOLDO JANSSEN""","Privado","Urbano","Común","Secundario/Medio/Polimodal","Venezuela",2
"540107402","Aula Sat. Nº 02: ""ESC. Nº 300""","Estatal","Rural Aglomerado","Común","Primario","Brasil",3
"540107500","ESC. Nº 247","Estatal","Rural Aglomerado","Común","Primario","Paraguay",2
"540107700","INST. ""LINEA CUCHILLA""","Privado","Urbano","Común","Secundario/Medio/Polimodal","Paraguay",1
"540108000","COLEGIO AMADEO BONPLAND","Estatal","Urbano","Común","Secundario/Medio/Polimodal","Europa",1
"540108700","INST. PRIV. ""EMMANUEL""","Privado","Urbano","Común","Primario","Europa",4
"540108700","INST. PRIV. ""EMMANUEL""","Privado","Urbano","Común","Secundario/Medio/Polimodal","Venezuela",2
"540109100","ESC. ADULTOS Nº 37","Estatal","Urbano","Adultos","Primario","Asia",2
"540109300","ESC. Nº 288: ""PRESIDENTE PERON""","Estatal","Urbano","Común","Primario","Colombia",1
"540109500","INST. ""CONCORDIA""","Privado","Urbano","Común","Secundario/Medio/Polimodal","Otros países de América",1
"540109500","INST. ""CONCORDIA""","Privado","Urbano","Común","Secundario/Medio/Polimodal","Venezuela",1
"540109800","INST. ""HINDENBURG""","Privado","Urbano","Común","Jardín de Infantes","Europa",1
"540109800","INST. ""HINDENBURG""","Privado","Urbano","Común","Primario","Europa",1
"540109800","INST. ""HINDENBURG""","Privado","Urbano","Común","Secundario/Medio/Polimodal","Chile",1
"540109800","INST. ""HINDENBURG""","Privado","Urbano","Común","Secundario/Medio/Polimodal","Ecuador",1
"540109800","INST. ""HINDENBURG""","Privado","Urbano","Común","Secundario/Medio/Polimodal","Europa",1
"540109800","INST. ""HINDENBURG""","Privado","Urbano","Común","Secundario/Medio/Polimodal","Uruguay",1
"540109900","INST.PRIV. S.O.S. ""HERMANN GMEINER""","Privado","Urbano","Adultos","Formación Profesional/Capacitación Laboral","Asia",1
"540109900","INST.PRIV. S.O.S. ""HERMANN GMEINER""","Privado","Urbano","Adultos","Formación Profesional/Capacitación Laboral","Paraguay",1
"540110100","INST. PRIV. ""MARIANO""","Privado","Urbano","Común","Jardín de Infantes","Ecuador",1
"540110100","INST. PRIV. ""MARIANO""","Privado","Urbano","Común","Primario","Colombia",3
"540110100","INST. PRIV. ""MARIANO""","Privado","Urbano","Común","Primario","Venezuela",1
"540110200","ESC. Nº 619 (F.J.C)","Estatal","Urbano","Común","Primario","Paraguay",5
"540110300","INST. ""CARLOS LINNEO""","Privado","Urbano","Común","Superior No Universitario","Venezuela",1
"540110400","ESC. NORMAL SUP. Nº 04: ""NICOLAS AVELLANEDA""","Estatal","Urbano","Común","Secundario/Medio/Polimodal","Paraguay",1
"540110400","ESC. NORMAL SUP. Nº 04: ""NICOLAS AVELLANEDA""","Estatal","Urbano","Común","Secundario/Medio/Polimodal","Venezuela",1
"540110400","ESC. NORMAL SUP. Nº 04: ""NICOLAS AVELLANEDA""","Estatal","Urbano","Común","Superior No Universitario","Uruguay",1
"540111400","ESC. Nº 718: ""MEDALLA MILAGROSA""","Estatal","Urbano","Común","Primario","Colombia",2
"540111400","ESC. Nº 718: ""MEDALLA MILAGROSA""","Estatal","Urbano","Común","Primario","Paraguay",2
"540111500","ESC. Nº 735","Estatal","Urbano","Común","Primario","Brasil",1
"540111500","ESC. Nº 735","Estatal","Urbano","Común","Primario","Colombia",1
"540111500","ESC. Nº 735","Estatal","Urbano","Común","Primario","Paraguay",3
"540112200","INST. SUP. ""JESUS DE NAZARETH""","Privado","Urbano","Común","Primario","Colombia",1
"540112200","INST. SUP. ""JESUS DE NAZARETH""","Privado","Urbano","Común","Primario","Paraguay",1
"540112200","INST. SUP. ""JESUS DE NAZARETH""","Privado","Urbano","Común","Secundario/Medio/Polimodal","Paraguay",1
"540112300","B.O.P. Nº 10: ""WENCESLAO HUGO ROQUE AMABLE""","Estatal","Urbano","Común","Secundario/Medio/Polimodal","Colombia",1
"540112400","ESC. ADULTOS Nº 38","Estatal","Urbano","Adultos","Formación Profesional/Capacitación Laboral","Bolivia",1
"540112400","ESC. ADULTOS Nº 38","Estatal","Urbano","Adultos","Formación Profesional/Capacitación Laboral","Paraguay",1
"540112400","ESC. ADULTOS Nº 38","Estatal","Urbano","Adultos","Primario","Brasil",1
"540112401","Aula Sat. Nº 01: ""ESC. ADULTOS Nº 38""","Estatal","Urbano","Adultos","Primario","Paraguay",1
"540112500","ESC. ADULTOS Nº 03:""Julio Adolfo Schwelm""","Estatal","Urbano","Adultos","Formación Profesional/Capacitación Laboral","Colombia",1
"540112500","ESC. ADULTOS Nº 03:""Julio Adolfo Schwelm""","Estatal","Urbano","Adultos","Formación Profesional/Capacitación Laboral","Paraguay",2
"540114600","INST. ""GUTENBERG""","Privado","Urbano","Adultos","Formación Profesional/Capacitación Laboral","Europa",4
"540114600","INST. ""GUTENBERG""","Privado","Urbano","Adultos","Formación Profesional/Capacitación Laboral","Paraguay",1
"540114600","INST. ""GUTENBERG""","Privado","Urbano","Adultos","Formación Profesional/Capacitación Laboral","Venezuela",2
"540114600","INST. ""GUTENBERG""","Privado","Urbano","Común","Jardín de Infantes","Europa",1
"540114600","INST. ""GUTENBERG""","Privado","Urbano","Común","Secundario/Medio/Polimodal","Europa",4
"540114600","INST. ""GUTENBERG""","Privado","Urbano","Común","Secundario/Medio/Polimodal","Paraguay",1
"540114600","INST. ""GUTENBERG""","Privado","Urbano","Común","Secundario/Medio/Polimodal","Venezuela",2
"540115100","INST. ""SAN LUCAS"" ","Privado","Urbano","Común","Primario","Brasil",2
"540115100","INST. ""SAN LUCAS"" ","Privado","Urbano","Común","Secundario/Medio/Polimodal","Brasil",2
"540115200","INST. ""CRECER""","Privado","Urbano","Común","Jardín de Infantes","Brasil",1
"540115200","INST. ""CRECER""","Privado","Urbano","Común","Primario","Brasil",8
"540115300","COLEGIO ARGENTINO AMERICANO","Privado","Urbano","Común","Primario","Colombia",1
"540115300","COLEGIO ARGENTINO AMERICANO","Privado","Urbano","Común","Secundario/Medio/Polimodal","Colombia",5
"540115300","COLEGIO ARGENTINO AMERICANO","Privado","Urbano","Común","Secundario/Medio/Polimodal","Paraguay",1
"540117200","INST. ""HORACIO QUIROGA""","Privado","Urbano","Común","Secundario/Medio/Polimodal","Paraguay",1
"540117300","INST. SUP. ""COMBATE MBORORÉ""","Privado","Urbano","Común","Superior No Universitario","Paraguay",2
"540117600","INST. CRISTIANO ""REPUBLICA ARGENTINA""","Privado","Urbano","Común","Jardín de Infantes","Asia",1
"540117600","INST. CRISTIANO ""REPUBLICA ARGENTINA""","Privado","Urbano","Común","Primario","Asia",1
"540117600","INST. CRISTIANO ""REPUBLICA ARGENTINA""","Privado","Urbano","Común","Primario","Paraguay",1
"540119000","E.P.J.A. Itinerante Nº 9037","Estatal","Urbano","Adultos","Formación Profesional/Capacitación Laboral","Brasil",1
"540119000","E.P.J.A. Itinerante Nº 9037","Estatal","Urbano","Adultos","Primario","Brasil",3
"540119200","E.P.J.A. Itinerante Nº 9048","Estatal","Urbano","Adultos","Primario","Uruguay",1
"540119900","E.P.E.T. Nº 37: ""BENJAMIN MATIENZO"" (EX E.P.I.P.A.)","Estatal","Urbano","Común","Secundario/Medio/Polimodal","Europa",1
"540120300","C.F.P. Nº 05 (EX MISION MONOTEC. Nº 28)","Estatal","Urbano","Adultos","Formación Profesional/Capacitación Laboral","Paraguay",2
"540120800","E.P.J.A. Itinerante Nº 9051","Estatal","Urbano","Adultos","Primario","Paraguay",99
"540121000","ESC. Nº 805: ""TITO TOMÁS ZAMBONI""","Estatal","Urbano","Común","Primario","Paraguay",1
"540121700","INST. SUP. DE EST. TECNICOS","Privado","Urbano","Común","Superior No Universitario","Otros países de América",1
"540121700","INST. SUP. DE EST. TECNICOS","Privado","Urbano","Común","Superior No Universitario","Paraguay",2
"540121900","INST. ""ARGENTINO DE ESTUDIOS SUPERIORES""","Privado","Urbano","Común","Superior No Universitario","Colombia",1
"540121900","INST. ""ARGENTINO DE ESTUDIOS SUPERIORES""","Privado","Urbano","Común","Superior No Universitario","Paraguay",4
"540122100","INST. ""IAES FUNDACIÓN LAPACHO""","Privado","Urbano","Común","Primario","Brasil",1
"540122100","INST. ""IAES FUNDACIÓN LAPACHO""","Privado","Urbano","Común","Primario","Europa",1
"540122100","INST. ""IAES FUNDACIÓN LAPACHO""","Privado","Urbano","Común","Primario","Otros países de América",1
"540122100","INST. ""IAES FUNDACIÓN LAPACHO""","Privado","Urbano","Común","Superior No Universitario","Chile",1
"540122100","INST. ""IAES FUNDACIÓN LAPACHO""","Privado","Urbano","Común","Superior No Universitario","Paraguay",2
"540123000","INST. ""SANTA LUCIA""","Privado","Urbano","Común","Primario","Paraguay",5
"540123300","ESC. Nº 813: ""RIBERA DEL PARANA""","Estatal","Urbano","Común","Primario","Paraguay",5
"540123600","ESC. Nº 817: ""ESPERANZA DE LA PATRIA""","Estatal","Urbano","Común","Primario","Paraguay",5
"540123800","ESC. Nº 816","Estatal","Urbano","Común","Primario","Brasil",1
"540123900","ESC. Nº 818 ""CATARATAS DEL IGUAZÚ""","Estatal","Rural Aglomerado","Común","Primario","Brasil",1
"540123900","ESC. Nº 818 ""CATARATAS DEL IGUAZÚ""","Estatal","Rural Aglomerado","Común","Primario","Paraguay",4
"540124100","INST. SUP. ""SAN PEDRO""","Estatal","Urbano","Común","Superior No Universitario","Chile",1
"540124100","INST. SUP. ""SAN PEDRO""","Estatal","Urbano","Común","Superior No Universitario","Colombia",1
"540124300","ESC. Nº 819: ""ELIGIO F. AQUINO""","Estatal","Urbano","Común","Primario","Venezuela",1
"540124500","ESC. Nº 821:""Omar Ratti""","Estatal","Urbano","Común","Primario","Asia",2
"540124900","ESC. Nº 825","Estatal","Rural Disperso","Común","Primario","Brasil",1
"540125000","ESC. Nº 826: ""GENDARME ARGENTINO""","Estatal","Urbano","Común","Primario","Venezuela",1
"540125200","Esc. Esp. de Formación Integral de jóvenes y Adultos Nº 04 ","Estatal","Urbano","Especial","Primario","Paraguay",1
"540125400","ESC. Nº 829","Estatal","Urbano","Común","Primario","Colombia",1
"540125500","ESC. Nº 831: ""PROF. ANDRES A. BAKUN""","Estatal","Urbano","Común","Primario","Chile",1
"540125700","ESC. Nº 828: ""VICENTE CIDADE""","Estatal","Rural Aglomerado","Común","Primario","Colombia",5
"540126700","ITEC IGUAZU","Privado","Urbano","Común","Superior No Universitario","Brasil",3
"540126700","ITEC IGUAZU","Privado","Urbano","Común","Superior No Universitario","Colombia",1
"540126700","ITEC IGUAZU","Privado","Urbano","Común","Superior No Universitario","Paraguay",5
"540126700","ITEC IGUAZU","Privado","Urbano","Común","Superior No Universitario","Venezuela",3
"540127900","ITEC Nº 02","Estatal","Urbano","Adultos","Formación Profesional/Capacitación Laboral","Paraguay",7
"540127900","ITEC Nº 02","Estatal","Urbano","Adultos","Formación Profesional/Capacitación Laboral","Venezuela",1
"540128900","INST. SUP. DE INFORMATICA ""VIRASORO""","Privado","Urbano","Común","Superior No Universitario","Bolivia",2
"540128900","INST. SUP. DE INFORMATICA ""VIRASORO""","Privado","Urbano","Común","Superior No Universitario","Otros países de América",1
"540128900","INST. SUP. DE INFORMATICA ""VIRASORO""","Privado","Urbano","Común","Superior No Universitario","Paraguay",2
"540128900","INST. SUP. DE INFORMATICA ""VIRASORO""","Privado","Urbano","Común","Superior No Universitario","Perú",1
"540128900","INST. SUP. DE INFORMATICA ""VIRASORO""","Privado","Urbano","Común","Superior No Universitario","Venezuela",4
"540129000","INST. SUP. DE CAPACITACION Y DESARROLLO EMPRESARIAL ARGENTINA (INCADE)","Privado","Urbano","Común","Superior No Universitario","Paraguay",3
"540129500","C.E.P. Nº 06","Estatal","Urbano","Común","Secundario/Medio/Polimodal","Paraguay",7
"540129500","C.E.P. Nº 06","Estatal","Urbano","Común","Secundario/Medio/Polimodal","Venezuela",1
"540129600","INST. SUP. ""SAN AGUSTIN""","Privado","Urbano","Común","Superior No Universitario","Paraguay",1
"540130600","INST. ""SAN JUAN PABLO II""","Privado","Urbano","Común","Secundario/Medio/Polimodal","Otros países de América",1
"540130800","INST. ""NTRA. SRA. DE FÁTIMA""","Privado","Urbano","Común","Secundario/Medio/Polimodal","Paraguay",1
"540131700","C.E.P. Nº 03 ","Estatal","Rural Aglomerado","Común","Secundario/Medio/Polimodal","Paraguay",5
"540131900","ESC. Nº 847 ""LAS PALMAS""(Ex Aula Sat. ""ESC. 165"")","Estatal","Urbano","Común","Primario","Europa",1
"540132600","ESC. Nº 849","Estatal","Urbano","Común","Primario","Paraguay",1
"540132700","C.E.P. Nº 08","Estatal","Urbano","Común","Secundario/Medio/Polimodal","Paraguay",1
"540133500","INST. PRIV. DE ALTA CAPACITACION","Privado","Urbano","Común","Superior No Universitario","Paraguay",1
"540134300","ESC. Nº 857: ""SOL NACIENTE""","Estatal","Urbano","Común","Primario","Brasil",4
"540134300","ESC. Nº 857: ""SOL NACIENTE""","Estatal","Urbano","Común","Primario","Paraguay",6
"540134300","ESC. Nº 857: ""SOL NACIENTE""","Estatal","Urbano","Común","Primario","Venezuela",1
"540135100","ESC. Nº 862","Estatal","Rural Disperso","Común","Primario","Paraguay",6
"540136300","ESC. Nº 307","Estatal","Rural Aglomerado","Común","Primario","Paraguay",2
"540136300","ESC. Nº 307","Estatal","Rural Aglomerado","Común","Primario","Venezuela",1
"540138400","E.P.J.A. Itinerante Nº 9041","Estatal","Urbano","Adultos","Formación Profesional/Capacitación Laboral","Paraguay",7
"540138400","E.P.J.A. Itinerante Nº 9041","Estatal","Urbano","Adultos","Primario","Paraguay",12
"540138900","E.P.J.A. Itinerante Nº 9040","Estatal","Rural Aglomerado","Adultos","Primario","Paraguay",5
"540140200","I.E.A. Nº 18 (Ex C.E.P. Nº 24)","Estatal","Urbano","Común","Secundario/Medio/Polimodal","Paraguay",2
"540140400","C.E.P. Nº 21","Estatal","Urbano","Común","Secundario/Medio/Polimodal","Bolivia",1
"540140400","C.E.P. Nº 21","Estatal","Urbano","Común","Secundario/Medio/Polimodal","Uruguay",1
"540140600","C.E.P. Nº 23","Estatal","Urbano","Adultos","Secundario/Medio","Paraguay",2
"540140700","C.E.P. Nº 25","Estatal","Urbano","Común","Secundario/Medio/Polimodal","Paraguay",1
"540140900","C.E.P. Nº 28","Estatal","Urbano","Adultos","Secundario/Medio","Paraguay",1
"540143300","NENI Nº 2013 (Sede ESC. Nº 699)","Estatal","Urbano","Común","Jardín de Infantes","Paraguay",1
"540143600","INST. SUP. ""MULTIVERSIDAD POPULAR""","Privado","Urbano","Adultos","Formación Profesional/Capacitación Laboral","Colombia",1
"540144000","INST. ""SAGRADO CORAZÓN DE JESÚS""","Privado","Urbano","Común","Jardín de Infantes","Venezuela",1
"540144000","INST. ""SAGRADO CORAZÓN DE JESÚS""","Privado","Urbano","Común","Primario","Venezuela",1
"540144300","ESC. Nº 880","Estatal","Rural Aglomerado","Común","Primario","Paraguay",6
"540144700","ESC. Nº 887","Estatal","Rural Aglomerado","Común","Primario","Paraguay",10
"540146300","E.P.J.A. Itinerante Nº 9053","Estatal","Urbano","Adultos","Primario","Paraguay",1
"540146500","ESC. ADULTOS Nº 63","Estatal","Urbano","Adultos","Formación Profesional/Capacitación Laboral","Paraguay",1
"540146501","Aula Sat. Nº 01: ""ESC. ADULTOS Nº 63""","Estatal","Urbano","Adultos","Primario","Paraguay",2
"540147600","ESC. Nº 893: ""MADRE TERESA DE CALCUTA""","Estatal","Urbano","Común","Primario","Paraguay",2
"540147700","ESC. ADULTOS Nº 48","Estatal","Urbano","Adultos","Formación Profesional/Capacitación Laboral","Paraguay",6
"540148000","C.F.P. Nº 13: ""MIGUEL LANÚS"" (EX CET Nº1)","Estatal","Urbano","Adultos","Formación Profesional/Capacitación Laboral","Chile",1
"540148000","C.F.P. Nº 13: ""MIGUEL LANÚS"" (EX CET Nº1)","Estatal","Urbano","Adultos","Formación Profesional/Capacitación Laboral","Paraguay",4
"540148300","C.E.P. Nº 38","Estatal","Urbano","Adultos","Secundario/Medio","Colombia",2
"540148400","B.O.P. Nº 95 (Ex C. Basico  Nº 11)","Estatal","Rural Aglomerado","Común","Secundario/Medio/Polimodal","Paraguay",1
"540148500","C.E.P. Nº 36","Estatal","Urbano","Común","Secundario/Medio/Polimodal","Colombia",1
"540148500","C.E.P. Nº 36","Estatal","Urbano","Común","Secundario/Medio/Polimodal","Paraguay",2
"540148900","B.O.P. Nº 89 (Ex C. Basico  Nº 05)","Estatal","Urbano","Común","Secundario/Medio/Polimodal","Paraguay",1
"540149100","B.O.P. Nº 94 (Ex C. Basico  Nº 10)","Estatal","Urbano","Común","Secundario/Medio/Polimodal","Paraguay",1
"540149400","E.P.E.T. Nº 20","Estatal","Rural Aglomerado","Común","Secundario/Medio/Polimodal","Otros países de América",1
"540150100","C.E.P. Nº 40 (Ex Aula Sat. Nº 03: ""I.E.A. Nº 02"")","Estatal","Rural Aglomerado","Común","Secundario/Medio/Polimodal","Brasil",1
"540150800","ESC. ADULTOS Nº 61 (Ex Aula Sat: ""ADUL Nº 03"")","Estatal","Urbano","Adultos","Formación Profesional/Capacitación Laboral","Brasil",1
"540150900","B.O.P. Nº 102","Estatal","Rural Aglomerado","Adultos","Secundario/Medio","Paraguay",1
"540151200","ESC. Nº 896 (Ex Aula Sat. Nº 02: ""ESC. Nº 735"")","Estatal","Urbano","Común","Primario","Paraguay",3
"540151800","ESC. ADULTOS Nº 52","Estatal","Urbano","Adultos","Formación Profesional/Capacitación Laboral","Paraguay",1
"540152000","ESC. ADULTOS Nº 67","Estatal","Urbano","Adultos","Formación Profesional/Capacitación Laboral","Colombia",2
"540152000","ESC. ADULTOS Nº 67","Estatal","Urbano","Adultos","Formación Profesional/Capacitación Laboral","Paraguay",15
"540152000","ESC. ADULTOS Nº 67","Estatal","Urbano","Adultos","Formación Profesional/Capacitación Laboral","Venezuela",2
"540152000","ESC. ADULTOS Nº 67","Estatal","Urbano","Adultos","Primario","Colombia",4
"540152000","ESC. ADULTOS Nº 67","Estatal","Urbano","Adultos","Primario","Paraguay",13
"540152000","ESC. ADULTOS Nº 67","Estatal","Urbano","Adultos","Primario","Venezuela",5
"540152100","E.P.J.A. Itinerante Nº 9062","Estatal","Urbano","Adultos","Formación Profesional/Capacitación Laboral","Paraguay",1
"540152100","E.P.J.A. Itinerante Nº 9062","Estatal","Urbano","Adultos","Primario","Paraguay",5
"540153600","ESC. INTERCULTURAL BILINGÜE Nº 02 (F.J.C.)","Estatal","Urbano","Común","Primario","Brasil",1
"540153600","ESC. INTERCULTURAL BILINGÜE Nº 02 (F.J.C.)","Estatal","Urbano","Común","Primario","Paraguay",1
"540154600","ESC. ADULTOS Nº 55","Estatal","Urbano","Adultos","Primario","Paraguay",4
"540154700","CENTRO DE FORMACION ADOLFO KOLPING","Privado","Urbano","Adultos","Formación Profesional/Capacitación Laboral","Colombia",1
"540155300","B.O.P. Nº 105 (Ex C. Basico Nº 21)","Estatal","Urbano","Común","Secundario/Medio/Polimodal","Brasil",2
"540158000","C.E.P. Nº 60","Estatal","Urbano","Adultos","Secundario/Medio","Paraguay",2
"540158300","INST. ""PADRE ADOLFO KOLPING""","Privado","Urbano","Adultos","Formación Profesional/Capacitación Laboral","Paraguay",4
"540158300","INST. ""PADRE ADOLFO KOLPING""","Privado","Urbano","Adultos","Primario","Paraguay",2
"540158900","NENI Nº 2021","Estatal","Urbano","Común","Jardín de Infantes","Paraguay",1
"540159000","NENI Nº 2017 (Sede)","Estatal","Urbano","Común","Jardín de Infantes","Paraguay",1
"540159003","NENI Nº 2017 (Ext. ESC. Nº 893)","Estatal","Urbano","Común","Jardín de Infantes","Paraguay",1
"540159900","ESC. ADULTOS Nº 72","Estatal","Rural Aglomerado","Adultos","Primario","Paraguay",1
"540160000","C.F.P. Nº 04","Estatal","Rural Aglomerado","Adultos","Formación Profesional/Capacitación Laboral","Paraguay",7
"540160800","ESC. ADULTOS Nº 74","Estatal","Urbano","Adultos","Formación Profesional/Capacitación Laboral","Paraguay",1
"540160800","ESC. ADULTOS Nº 74","Estatal","Urbano","Adultos","Formación Profesional/Capacitación Laboral","Perú",1
"540160800","ESC. ADULTOS Nº 74","Estatal","Urbano","Adultos","Primario","Paraguay",3
"540160900","ESC. Nº 907 (Ex Aula Sat. ""ESC. Nº 735"")","Estatal","Rural Aglomerado","Común","Primario","Paraguay",7
"540161800","E.P.J.A. Itinerante Nº 9069","Estatal","Rural Disperso","Adultos","Primario","Paraguay",16
"540162300","INST. ""MARIANO W. PACHECOY""","Privado","Urbano","Común","Superior No Universitario","Ecuador",1
"540162300","INST. ""MARIANO W. PACHECOY""","Privado","Urbano","Común","Superior No Universitario","Uruguay",1
"540163000","INST. SUP. DE FORMACION EN TECNOLOGIA AGROPECUARIA  Y ALIMENTARIA","Estatal","Urbano","Común","Superior No Universitario","Venezuela",1
"540163800","B.O.P. Nº 54","Estatal","Rural Disperso","Común","Secundario/Medio/Polimodal","Asia",1
"540165700","ESC. ADULTOS Nº 78","Estatal","Rural Aglomerado","Adultos","Primario","Paraguay",3
"540165701","Aula Sat. Nº 01: ""ESC. ADULTOS Nº 78""","Estatal","Urbano","Adultos","Primario","Paraguay",1
"540166900","NENI Nº 2046 (Sede ESC. Nº 857)","Estatal","Urbano","Común","Jardín de Infantes","Brasil",1
"540166900","NENI Nº 2046 (Sede ESC. Nº 857)","Estatal","Urbano","Común","Jardín de Infantes","Paraguay",1
"540167000","E.P.J.A. Itinerante Nº 9070","Estatal","Urbano","Adultos","Primario","Paraguay",2
"540168200","NENI Nº 2048 (Sede ESC. Nº 797)","Estatal","Urbano","Común","Jardín de Infantes","Paraguay",1
"540168701","NENI Nº 2053 (Ext. ESC. Nº 298)","Estatal","Urbano","Común","Jardín de Infantes","Bolivia",1
"540169100","NENI Nº 2055 (Sede ESC. Nº 48)","Estatal","Urbano","Común","Jardín de Infantes","Perú",1
"540169101","NENI Nº 2055 (Ext. ESC. Nº 445)","Estatal","Urbano","Común","Jardín de Infantes","Paraguay",1
"540169102","NENI Nº 2055 (Ext. ESC. Nº 789)","Estatal","Urbano","Común","Jardín de Infantes","Paraguay",3
"540169300","ESC. ADULTOS Nº 80","Estatal","Urbano","Adultos","Formación Profesional/Capacitación Laboral","Paraguay",4
"540169300","ESC. ADULTOS Nº 80","Estatal","Urbano","Adultos","Primario","Paraguay",5
"540171200","E.P.J.A. Itinerante Nº 9077","Estatal","Rural Disperso","Adultos","Formación Profesional/Capacitación Laboral","Europa",1
"540171600","ESC. ADULTOS Nº 84","Estatal","Rural Disperso","Adultos","Formación Profesional/Capacitación Laboral","Colombia",1
"540171600","ESC. ADULTOS Nº 84","Estatal","Rural Disperso","Adultos","Formación Profesional/Capacitación Laboral","Paraguay",2
"540171800","NENI Nº 2033 (Sede ESC. Nº 254)","Estatal","Urbano","Común","Jardín de Infantes","Colombia",1
"540171900","ESC. Nº 916","Estatal","Urbano","Común","Primario","Brasil",1
"540174200","NENI Nº 2034 (Sede ESC. Nº 218)","Estatal","Urbano","Común","Jardín de Infantes","Asia",1
"540174800","E.P.J.A. Itinerante Nº 9071","Estatal","Urbano","Adultos","Formación Profesional/Capacitación Laboral","Paraguay",7
"540174800","E.P.J.A. Itinerante Nº 9071","Estatal","Urbano","Adultos","Primario","Paraguay",3
"540174900","INST. ""DIVINO NIÑO JESÚS""","Privado","Urbano","Común","Jardín de Infantes","Colombia",1
"540175100","C.F.P. Nº 16","Estatal","Urbano","Adultos","Formación Profesional/Capacitación Laboral","Colombia",1
"540175100","C.F.P. Nº 16","Estatal","Urbano","Adultos","Formación Profesional/Capacitación Laboral","Paraguay",1
"540176000","INST. SUP. ""CIELOS ABIERTOS""","Privado","Urbano","Común","Superior No Universitario","Brasil",4
"540177000","I.E.A. Nº 09","Estatal","Rural Disperso","Común","Secundario/Medio/Polimodal","Venezuela",1
"540177900","Capacitar Posadas","Privado","Urbano","Adultos","Formación Profesional/Capacitación Laboral","Paraguay",7
"540177900","Capacitar Posadas","Privado","Urbano","Común","Superior No Universitario","Paraguay",7
"540179100","I.E.A. Nº 11","Estatal","Rural Disperso","Común","Secundario/Medio/Polimodal","Paraguay",10
"540179200","INST. ""ARISTOBULO DEL VALLE""","Privado","Urbano","Común","Secundario/Medio/Polimodal","Otros países de América",1
"540179500","INST. EDUCATIVO ""PUERTO BEMBERG - ELDORADO""","Privado","Urbano","Común","Primario","Colombia",1
"540179900","C.F.P. Nº 24","Estatal","Urbano","Adultos","Formación Profesional/Capacitación Laboral","Paraguay",1
"540180500","INST. SUP. CULTURAL ""LATINOAMERICANO""","Privado","Urbano","Adultos","Formación Profesional/Capacitación Laboral","Paraguay",2
"540180500","INST. SUP. CULTURAL ""LATINOAMERICANO""","Privado","Urbano","Común","Superior No Universitario","Brasil",1
"540180500","INST. SUP. CULTURAL ""LATINOAMERICANO""","Privado","Urbano","Común","Superior No Universitario","Paraguay",1
"540180600","ESC. Nº 933 (Ex. Aula Sat. Nº 02: ""Esc. Nº 424"")","Estatal","Rural Aglomerado","Común","Primario","Brasil",6
"540180900","INST. ""LAS ARAUCARIAS""","Privado","Urbano","Común","Primario","Otros países de América",2
"540180900","INST. ""LAS ARAUCARIAS""","Privado","Urbano","Común","Primario","Paraguay",1
"540181100","INST. CONCORDIA","Privado","Urbano","Común","Jardín de Infantes","Brasil",1
"540181400","B.O.P. Nº 111 ""TEKOÁ FORTÍN MBORORÉ""","Estatal","Rural Aglomerado","Común","Secundario/Medio/Polimodal","Paraguay",1
"540181900","INST. ADVENTISTA ""EL DORADO""","Privado","Urbano","Común","Secundario/Medio/Polimodal","Brasil",1
"540184712","U.G.L. Nº 13 (Ext. Esc. Nº 231)","Estatal","Rural","Común","Secundario/Medio/Polimodal","Paraguay",1
"540186003","NENI Nº 2066 (Ext. ESC. Nº 611)","Estatal","Rural Aglomerado","Común","Jardín de Infantes","Paraguay",2
"540188000","INST. ""CRISTIANO EMANUEL""","Privado","Urbano","Común","Jardín de Infantes","Otros países de América",1
"540188000","INST. ""CRISTIANO EMANUEL""","Privado","Urbano","Común","Secundario/Medio/Polimodal","Colombia",1
"540188000","INST. ""CRISTIANO EMANUEL""","Privado","Urbano","Común","Secundario/Medio/Polimodal","Ecuador",1
"540189100","ESC. ADULTOS Nº 85 (Ex. Aula Sat. Nº 02: ""ESC. ADULTOS Nº 07"")","Estatal","Urbano","Adultos","Formación Profesional/Capacitación Laboral","Paraguay",5
"540189100","ESC. ADULTOS Nº 85 (Ex. Aula Sat. Nº 02: ""ESC. ADULTOS Nº 07"")","Estatal","Urbano","Adultos","Primario","Paraguay",1
"540189900","INST. SUP. DE EDUCACIÓN TÉCNICA EN SEGURIDAD VIAL","Estatal","Urbano","Común","Superior No Universitario","Paraguay",1
"540193400","ESC. ESPECIAL Nº 64 (TEA)","Estatal","Urbano","Especial","Jardín de Infantes","Paraguay",1
"540193400","ESC. ESPECIAL Nº 64 (TEA)","Estatal","Urbano","Especial","Primario","Paraguay",1
"540193500","ESC. Nº 952 (Ex. Aula Sat. Nº 01:""Esc. Nº 301"")","Estatal","Urbano","Común","Primario","Paraguay",2
"540193800","ESC. Nº 953 (Ex Aula Sat. Nº 01:""Esc. Nº 455"")","Estatal","Urbano","Común","Primario","Brasil",1
"540194000","INST. CENTRO EDUCATIVO PYNANDI","Privado","Urbano","Común","Primario","Chile",2
"540194400","NENI Nº 2079 (Sede ESC. Nº 521)","Estatal","Urbano","Común","Jardín de Infantes","Paraguay",2
"540194600","ESC. Nº 954 (Ex Aula Sat. Nº 01:""Esc. Nº 947"")","Estatal","Rural Aglomerado","Común","Primario","Paraguay",39
"540195100","ESC. Nº 955 (Ex Aula Sat. Nº 01:""Esc. Nº263"")","Estatal","Urbano","Común","Primario","Paraguay",2
"540195503","NENI Nº 2082 (Ext. ESC. Nº 778)","Estatal","Urbano","Común","Jardín de Infantes","Paraguay",1
"540195506","NENI Nº 2082 (Ext. ESC. Nº 02)","Estatal","Urbano","Común","Jardín de Infantes","Brasil",1
"540196000","INST. ""NIÑO JESÚS""","Privado","Rural Aglomerado","Común","Jardín de Infantes","Colombia",1
"540196000","INST. ""NIÑO JESÚS""","Privado","Rural Aglomerado","Común","Jardín de Infantes","Paraguay",1
"540197000","ESC. SECUNDARIA DE INNOVACIÓN DE MISIONES","Estatal","Urbano","Común","Superior No Universitario","Paraguay",2
"540198500","NENI Nº 2089 (Sede ESC. Nº 805)","Estatal","Urbano","Común","Jardín de Infantes","Brasil",1
"540198900","C.F.P. Nº 30 (UP5)","Estatal","Urbano","Adultos","Formación Profesional/Capacitación Laboral","Paraguay",4
"540198901","Aula Sat. Nº 01: C.F.P. Nº 30 (UP4)","Estatal","Urbano","Adultos","Formación Profesional/Capacitación Laboral","Paraguay",5
"540198902","Aula Sat. Nº 02: C.F.P. Nº 30 (UP6)","Estatal","Urbano","Adultos","Formación Profesional/Capacitación Laboral","Paraguay",5
"540199600","INST. SUP. ""ANDRES GUACURARI""","Privado","Urbano","Común","Secundario/Medio/Polimodal","Paraguay",1
"540201000","NENI Nº 2092 (Sede ESC. Nº 698)","Estatal","Urbano","Común","Jardín de Infantes","Paraguay",2
"540202600","ESC. Nº 962 (Ex Aula Sat. Nº 1: ""ESC. 849"")","Estatal","Rural","Común","Primario","Paraguay",3
"540202900","C.F.P. itinerante Nº 01","Estatal","Urbano","Adultos","Formación Profesional/Capacitación Laboral","Brasil",1
"540202900","C.F.P. itinerante Nº 01","Estatal","Urbano","Adultos","Formación Profesional/Capacitación Laboral","Paraguay",3
"540203900","INST. SUP. SALTOS DEL MOCONA","Privado","Urbano","Común","Jardín de Infantes","Brasil",2
"540204700","NENI Nº 2113 (Sede ESC. Nº 916)","Estatal","Urbano","Común","Jardín de Infantes","Paraguay",1
"540205000","NENI Nº 2119 (Sede ESC. Nº 740)","Estatal","Rural Disperso","Común","Jardín de Infantes","Brasil",1
"540205800","NENI Nº 2126 (Sede ESC. Nº 662)","Estatal","Rural","Común","Jardín de Infantes","Oceanía",7
"540206100","E.F.A. ""SAN MIGUEL""","Privado","Rural Aglomerado","Común","Secundario/Medio/Polimodal","Paraguay",3
"540206502","NENI Nº 2127 (Ext. ESC. Nº 433)","Estatal","Rural","Común","Jardín de Infantes","Paraguay",1
"540206600","ESC. Nº 967","Estatal","Urbano","Común","Primario","Paraguay",2
"540206800","NENI Nº 2130 (Sede)","Estatal","Urbano","Común","Jardín de Infantes","Brasil",1
"540206800","NENI Nº 2130 (Sede)","Estatal","Urbano","Común","Jardín de Infantes","Paraguay",1
"540207300","C.F.P. Nº 32","Estatal","Urbano","Adultos","Formación Profesional/Capacitación Laboral","Colombia",1
"540207600","B.O.P. Nº 126","Estatal","Urbano","Adultos","Secundario/Medio","Paraguay",3
"540209200","NENI Nº 2141 (Sede ESC. Nº 38)","Estatal","Rural Aglomerado","Común","Jardín de Infantes","Brasil",2
"540209500","INST. SUP. INDÍGENA ""RAÚL KARAÍ CORREA""","Estatal","Rural Aglomerado","Común","Superior No Universitario","Brasil",2
"540209500","INST. SUP. INDÍGENA ""RAÚL KARAÍ CORREA""","Estatal","Rural Aglomerado","Común","Superior No Universitario","Paraguay",4
"540210900","NENI Nº 2149 (Sede ESC. Nº 185)","Estatal","Urbano","Común","Jardín de Infantes","Brasil",1
"549000300","INST. SUP. DEL PROF. ""ANTONIO R. DE MONTOYA""","Privado","Urbano","Común","Superior No Universitario","Paraguay",5
