"cueanexo","nombre","titulo","egresados"
"540000901","Aula Sat. Nº 01: ""B.O.P. Nº 15""","Bachiller en Economía y Administración",12
"540001200","INST. EDUCATIVO ""LOS LAPACHOS""","Bachiller en Ciencias Sociales y Humanidades",47
"540002300","ESC. DE COMERCIO Nº 14","Bachiller en Economía y Administración",7
"540003800","E.F.A. ""PADRE ANTONIO SEPP""","Bachiller agrario",10
"540004200","INST. SUP. ""CEFERINO NAMUNCURA""","Bachiller en Economía y Administración",32
"540005300","I.E.A. Nº 03","Técnico en equipos e instalaciones electromecánicas",19
"540005300","I.E.A. Nº 03","Técnico en producción agropecuaria",31
"540006000","INST. SUP. ""ADOLFO KOLPING""","Técnico en electrónica",0
"540006200","CENTRO. EDUC. ALAS Y RAICES","Bachiller en Ciencias Sociales y Humanidades",10
"540007000","INST. ""SAN JUAN PABLO II""","Bachiller en ciencias naturales",12
"540007000","INST. ""SAN JUAN PABLO II""","Bachiller en Economía y Administración",10
"540007100","I.E.A. Nº 04","Técnico en producción agropecuaria",3
"540009700","B.O.P. Nº 16","Bachiller en ciencias naturales",22
"540012000","INST. ADVENTISTA ""MONTECARLO""","Bachiller en Economía y Administración",26
"540017800","B.O.P. Nº 26","Bachiller en Economía y Administración",22
"540020300","BACH. COMUN Nº 03","Bachiller en Ciencias Sociales y Humanidades",8
"540020400","INST. ADVENTISTA ""COMANDANTE ANDRESITO""","Bachiller en Economía y Administración",8
"540020500","CENTRO COM. RURAL EVANG.","Bachiller en Ciencias Sociales y Humanidades",12
"540020800","INST. ""SAN ALBERTO MAGNO""","Bachiller en Ciencias Sociales y Humanidades",19
"540020800","INST. ""SAN ALBERTO MAGNO""","Bachiller en Economía y Administración",52
"540020900","E.P.E.T. Nº 35 (Ex B.O.P Nº 41)","Técnico en equipos e instalaciones electromecánicas",17
"540021800","B.O.P. Nº 04","Bachiller en Economía y Administración",27
"540022500","E.P.E.T. Nº 13","Maestro mayor de obras",16
"540023600","ESC. DE COMERCIO Nº 19","Bachiller en Arte - Música",14
"540023600","ESC. DE COMERCIO Nº 19","Bachiller en ciencias naturales",36
"540023600","ESC. DE COMERCIO Nº 19","Bachiller en Economía y Administración",29
"540023900","INST. ""SAN FRANCISCO DE ASIS""","Bachiller en ciencias naturales",10
"540023900","INST. ""SAN FRANCISCO DE ASIS""","Bachiller en Economía y Administración",34
"540024600","B.O.P. Nº 46","Bachiller en ciencias naturales",4
"540026900","B.O.P. Nº 27","Bachiller en ciencias naturales",21
"540026900","B.O.P. Nº 27","Bachiller en Economía y Administración",17
"540027000","B.O.P. Nº 34","Bachiller en Economía y Administración",24
"540027800","E.P.E.T. Nº 38 (EX B.O.P. Nº 50)","Técnico en informática profesional y personal",9
"540027900","INST. SUP. ADVENTISTA DE MISIONES","Bachiller en ciencias naturales",19
"540027900","INST. SUP. ADVENTISTA DE MISIONES","Bachiller en Ciencias Sociales y Humanidades",19
"540027900","INST. SUP. ADVENTISTA DE MISIONES","Bachiller en economía y administración",27
"540031100","INST. ""CARLOS CULMEY""","Bachiller en ciencias naturales",19
"540031100","INST. ""CARLOS CULMEY""","Bachiller en Economía y Administración",15
"540032900","ESC. DE COMERCIO Nº 13","Bachiller en economía y administración",14
"540033100","ESC. NORMAL SUP. Nº 06: ""LIBERTADOR GRAL. JOSE DE SAN MARTIN""","Bachiller en ciencias naturales",93
"540036400","INST. SUP. ""NUESTRA SEÑORA DE LOURDES""","Bachiller en Economía y Administración",40
"540037000","B.O.P. Nº 03: ""Guillermo Furlong""","Bachiller en Agro y Ambiente",14
"540037000","B.O.P. Nº 03: ""Guillermo Furlong""","Bachiller en Ciencias Sociales y Humanidades",22
"540037001","Aula Sat. Nº 01: ""B.O.P. Nº 03""","Bachiller en Agro y Ambiente",4
"540037100","E.F.A. ""SAN CONRADO""","Bachiller agrario",11
"540040800","B.O.P. Nº 43","Bachiller en Ciencias Sociales y Humanidades",4
"540041800","ESC. DE COMERCIO Nº 02: ""INDEPENDENCIA NACIONAL""","Bachiller en Arte - Artes Visuales",6
"540041800","ESC. DE COMERCIO Nº 02: ""INDEPENDENCIA NACIONAL""","Bachiller en ciencias naturales",13
"540041800","ESC. DE COMERCIO Nº 02: ""INDEPENDENCIA NACIONAL""","Bachiller en Ciencias Sociales y Humanidades",27
"540041800","ESC. DE COMERCIO Nº 02: ""INDEPENDENCIA NACIONAL""","Bachiller en Economía y Administración",19
"540041800","ESC. DE COMERCIO Nº 02: ""INDEPENDENCIA NACIONAL""","Técnico en gestión y administración de las organizaciones",15
"540041900","INST. CANOSSIANO ""NTRA. SRA. DE LA SALUD""","Bachiller en ciencias naturales",14
"540041900","INST. CANOSSIANO ""NTRA. SRA. DE LA SALUD""","Bachiller en Ciencias Sociales y Humanidades",13
"540042300","INST. INTERCULTURAL BILINGÜE ""TAJY POTY""","Bachiller en Arte",9
"540044400","B.O.P. Nº 18","Bachiller en Agro en Alternancia",15
"540045200","B.O.P. Nº 06","Bachiller en Agro y Ambiente",6
"540045200","B.O.P. Nº 06","Bachiller en Arte - Música",17
"540046000","BACH. PEDAG. Nº 01: ""DR. FERNANDO OLEAGA""","Bachiller en Ciencias Sociales y Humanidades",26
"540046600","INST. ""PROYECCION 2000""","Bachiller en Ciencias Sociales y Humanidades",17
"540049600","BACH. COMUN Nº 01 ""DE LA SOBERANIA""","Bachiller en Ciencias Sociales y Humanidades",18
"540050900","INST. PRIV. ""DE ESTUDIOS SUPERIORES (I.P.E.T.)""","Bachiller en Informática",9
"540052400","INST. ""VIRGEN DE ITATI""","Bachiller en Economía y Administración",51
"540053100","B.O.P. Nº 29","Bachiller en Economía y Administración",8
"540053600","B.O.P. Nº 08:  ""TRINCHERAS DE SAN JOSÉ""","Bachiller en ciencias naturales",15
"540053600","B.O.P. Nº 08:  ""TRINCHERAS DE SAN JOSÉ""","Bachiller en Ciencias Sociales y Humanidades",9
"540053600","B.O.P. Nº 08:  ""TRINCHERAS DE SAN JOSÉ""","Bachiller en Economía y Administración",5
"540053600","B.O.P. Nº 08:  ""TRINCHERAS DE SAN JOSÉ""","Bachiller en turismo",5
"540054000","INST. SUP. ""VERBO DIVINO""","Bachiller en Ciencias Sociales y Humanidades",42
"540054000","INST. SUP. ""VERBO DIVINO""","Bachiller en Economía y Administración",48
"540054300","INST. ""SAN MIGUEL""","Bachiller en Ciencias Sociales y Humanidades",32
"540054300","INST. ""SAN MIGUEL""","Bachiller en Economía y Administración",7
"540054900","ESC. NORMAL SUP. Nº 01: ""DOMINGO F.SARMIENTO""","Bachiller en ciencias naturales",14
"540054900","ESC. NORMAL SUP. Nº 01: ""DOMINGO F.SARMIENTO""","Bachiller en Ciencias Sociales y Humanidades",21
"540055000","INST. ""SANTIAGO CANCLINI""","Bachiller en Economía y Administración",15
"540055100","E.F.A. ""SANTA TERESITA""","Bachiller agrario",33
"540055200","E.P.E.T. Nº 09","Maestro mayor de obras",8
"540055200","E.P.E.T. Nº 09","Técnico en equipos e instalaciones electromecánicas",26
"540055800","B.O.P. Nº 22: ""Andrés Guacurarí""","Bachiller en ciencias naturales",11
"540055800","B.O.P. Nº 22: ""Andrés Guacurarí""","Bachiller en Ciencias Sociales y Humanidades",17
"540056300","ESC. DE COMERCIO Nº 03: ""J.J.LANUSSE""","Bachiller en Economía y Administración",62
"540056700","INST. ""LA INMACULADA""","Bachiller en Ciencias Sociales y Humanidades",28
"540056800","INST. SUP. ""CRISTO REY""","Bachiller en Ciencias Sociales y Humanidades",16
"540056800","INST. SUP. ""CRISTO REY""","Bachiller en comunicación",7
"540056800","INST. SUP. ""CRISTO REY""","Bachiller en Economía y Administración",17
"540056800","INST. SUP. ""CRISTO REY""","Bachiller en Robótica y Programación",8
"540057000","E.P.E.T. Nº 05: ""FRAY LUIS BELTRAN""","Técnico en automotores",7
"540057000","E.P.E.T. Nº 05: ""FRAY LUIS BELTRAN""","Técnico en equipos e instalaciones electromecánicas",23
"540057000","E.P.E.T. Nº 05: ""FRAY LUIS BELTRAN""","Técnico en informática profesional y personal",13
"540057200","INST. ""SANTA BARBARA""","Bachiller en Ciencias Sociales y Humanidades",6
"540057200","INST. ""SANTA BARBARA""","Bachiller en educación física",15
"540057800","E.F.A. ""ESPIRITU SANTO""","Bachiller agrario",27
"540058700","B.O.P. Nº 32","Bachiller en Economía y Administración",23
"540059100","B.O.P. Nº 21","Bachiller en Agro y Ambiente",67
"540059100","B.O.P. Nº 21","Bachiller en Economía y Administración",15
"540059100","B.O.P. Nº 21","Maestro mayor de obras",4
"540059500","B.O.P. Nº 17","Bachiller en Economía y Administración",33
"540059600","E.F.A. ""SANTA RITA""","Bachiller agrario",8
"540059700","ESC. DE COMERCIO Nº 11","Bachiller en Economía y Administración",56
"540059900","B.O.P. Nº 40","Bachiller en Ciencias Sociales y Humanidades",8
"540059900","B.O.P. Nº 40","Bachiller en Informática",19
"540059901","Aula Sat. Nº 01: ""B.O.P. Nº 40""","Bachiller en Ciencias Sociales y Humanidades",17
"540059902","Aula Sat. Nº 02: ""B.O.P. Nº 40""","Bachiller en Informática",8
"540060900","BACH. PEDAG. Nº 03","Bachiller en Ciencias Sociales y Humanidades",47
"540061000","INST. SUP. ""ESPÍRITU SANTO""","Bachiller en Economía y Administración",47
"540061600","ESC. NORMAL SUP. Nº 13","Bachiller en ciencias naturales",28
"540061600","ESC. NORMAL SUP. Nº 13","Bachiller en Ciencias Sociales y Humanidades",13
"540061600","ESC. NORMAL SUP. Nº 13","Bachiller en Economía y Administración",14
"540061700","E.F.A. ""SAN VICENTE DE PAUL""","Bachiller agrario",16
"540061800","ESC. DE COMERCIO Nº 15","Bachiller en Economía y Administración",17
"540061900","ESC. NORMAL SUP. Nº 10: ""SAN ANTONIO"" (ANEXO COMERCIAL)","Bachiller en ciencias naturales",15
"540061900","ESC. NORMAL SUP. Nº 10: ""SAN ANTONIO"" (ANEXO COMERCIAL)","Bachiller en Ciencias Sociales y Humanidades",14
"540061900","ESC. NORMAL SUP. Nº 10: ""SAN ANTONIO"" (ANEXO COMERCIAL)","Bachiller en Economía y Administración",29
"540062100","E.P.E.T. Nº 01: ""UNESCO""","Maestro mayor de obras",28
"540062100","E.P.E.T. Nº 01: ""UNESCO""","Técnico en equipos e instalaciones electromecánicas",30
"540062100","E.P.E.T. Nº 01: ""UNESCO""","Técnico en informática profesional y personal",35
"540062200","INST. ""SAN ALBERTO MAGNO""","Bachiller en Ciencias Sociales y Humanidades",16
"540062200","INST. ""SAN ALBERTO MAGNO""","Bachiller en Economía y Administración",13
"540062400","E.P.E.T. Nº 10","Técnico en automotores",15
"540062400","E.P.E.T. Nº 10","Tecnico en Industrias de Procesos",46
"540062700","CENTRO EDUCATIVO INTEGRAL ""SAN JORGE""","Bachiller en Informática",0
"540062700","CENTRO EDUCATIVO INTEGRAL ""SAN JORGE""","Técnico en informática profesional y personal",1
"540062800","INST. ""SAN IGNACIO DE LOYOLA""","Bachiller en Ciencias Sociales y Humanidades",0
"540063500","I.P.E.S.M.I.","Bachiller en Economía y Administración",14
"540063500","I.P.E.S.M.I.","Técnico en construcción naval de embarcaciones livianas",7
"540063500","I.P.E.S.M.I.","Técnico en informática profesional y personal",8
"540063600","INST. SUP. ""ROQUE GONZALEZ""","Bachiller en ciencias naturales",39
"540063600","INST. SUP. ""ROQUE GONZALEZ""","Bachiller en Ciencias Sociales y Humanidades",59
"540063600","INST. SUP. ""ROQUE GONZALEZ""","Bachiller en Economía y Administración",9
"540063600","INST. SUP. ""ROQUE GONZALEZ""","Bachiller en Informática",29
"540063700","COLEGIO Nº 01: ""MARTÍN DE MOUSSY""","Bachiller en Arte - Artes Visuales",4
"540063700","COLEGIO Nº 01: ""MARTÍN DE MOUSSY""","Bachiller en ciencias naturales",17
"540063700","COLEGIO Nº 01: ""MARTÍN DE MOUSSY""","Bachiller en Ciencias Sociales y Humanidades",15
"540063700","COLEGIO Nº 01: ""MARTÍN DE MOUSSY""","Bachiller en comunicación",14
"540063700","COLEGIO Nº 01: ""MARTÍN DE MOUSSY""","Bachiller en Economía y Administración",12
"540063700","COLEGIO Nº 01: ""MARTÍN DE MOUSSY""","Bachiller en turismo",18
"540064000","ESC. NORMAL SUP. Nº 03: ""JOSE M. ESTRADA""","Bachiller en ciencias naturales",20
"540064000","ESC. NORMAL SUP. Nº 03: ""JOSE M. ESTRADA""","Bachiller en Ciencias Sociales y Humanidades",21
"540064000","ESC. NORMAL SUP. Nº 03: ""JOSE M. ESTRADA""","Bachiller en turismo",11
"540064100","ESC. DE COMERCIO Nº 10","Bachiller en Economía y Administración",29
"540064100","ESC. DE COMERCIO Nº 10","Bachiller en turismo",10
"540064200","B.O.P. Nº 05: ""JUAN MARTIN DE PUEYRREDON""","Bachiller en ciencias naturales",9
"540064200","B.O.P. Nº 05: ""JUAN MARTIN DE PUEYRREDON""","Bachiller en Ciencias Sociales y Humanidades",11
"540064200","B.O.P. Nº 05: ""JUAN MARTIN DE PUEYRREDON""","Bachiller en Economía y Administración",14
"540064700","E.P.E.T. Nº 04: ""O.E.A""","Maestro mayor de obras",18
"540064700","E.P.E.T. Nº 04: ""O.E.A""","Técnico en gestión y administración de las organizaciones",21
"540064700","E.P.E.T. Nº 04: ""O.E.A""","Técnico en informática profesional y personal",30
"540064800","INST. SUP. ""SAGRADA FAMILIA""","Bachiller en Ciencias Sociales y Humanidades",35
"540065400","B.O.P. Nº 23 ""Demetrio Koropeski""","Bachiller en turismo",25
"540065700","ESC. NORMAL SUP. Nº 08 ""REMEDIOS ESCALADA DE SAN MARTÍN""","Bachiller en ciencias naturales",16
"540065700","ESC. NORMAL SUP. Nº 08 ""REMEDIOS ESCALADA DE SAN MARTÍN""","Bachiller en Ciencias Sociales y Humanidades",17
"540066200","ESC. DE COMERCIO Nº 08: ""GRANADERO LORENZO NAPUREY""","Bachiller en Ciencias Sociales y Humanidades",36
"540066200","ESC. DE COMERCIO Nº 08: ""GRANADERO LORENZO NAPUREY""","Bachiller en Economía y Administración",30
"540066900","ESC. NORMAL SUP. Nº 11","Bachiller en Ciencias Sociales y Humanidades",9
"540066900","ESC. NORMAL SUP. Nº 11","Bachiller en Informática",28
"540067000","INST. ADVENTISTA ""PUERTO IGUAZÚ""","Bachiller en Economía y Administración",31
"540067700","B.O.P. Nº 38","Bachiller en Economía y Administración",43
"540068800","ESC. DE COMERCIO Nº 06 ""MARIANO MORENO""","Bachiller en ciencias naturales",16
"540068800","ESC. DE COMERCIO Nº 06 ""MARIANO MORENO""","Bachiller en Ciencias Sociales y Humanidades",30
"540068800","ESC. DE COMERCIO Nº 06 ""MARIANO MORENO""","Bachiller en Economía y Administración",39
"540068800","ESC. DE COMERCIO Nº 06 ""MARIANO MORENO""","Técnico en gestión y administración de las organizaciones",2
"540069200","C.E.P. Nº 04","Bachiller en Ciencias Sociales y Humanidades",78
"540069200","C.E.P. Nº 04","Bachiller en Economía y Administración",61
"540069200","C.E.P. Nº 04","Bachiller en Informática",54
"540070100","B.O.P. Nº 30","Bachiller en Agro y Ambiente",2
"540070700","ESC. NORMAL SUP. ""EE.UU. DEL BRASIL""","Bachiller en ciencias naturales",33
"540070700","ESC. NORMAL SUP. ""EE.UU. DEL BRASIL""","Bachiller en Ciencias Sociales y Humanidades",57
"540070800","E.P.E.T. Nº 03: ""POLONIA""","Maestro mayor de obras",0
"540070800","E.P.E.T. Nº 03: ""POLONIA""","Técnico en equipos e instalaciones electromecánicas",34
"540070900","ESC. DE COMERCIO Nº 01: ""SANTIAGO DE LINIERS""","Bachiller en Economía y Administración",12
"540071100","E.P.E.T. Nº 06","Maestro mayor de obras",20
"540071100","E.P.E.T. Nº 06","Técnico en electrónica",15
"540071100","E.P.E.T. Nº 06","Técnico en equipos e instalaciones electromecánicas",29
"540072000","INST. ""JOSE M. ESTRADA""","Bachiller en Economía y Administración",28
"540072600","B.O.P. Nº 20","Bachiller en Agro y Ambiente",34
"540072600","B.O.P. Nº 20","Bachiller en Ciencias Sociales y Humanidades",26
"540073200","ESC. NORMAL SUP. Nº 09: ""JUAN XXIII"" (ANEXO COMERCIAL)","Bachiller en ciencias naturales",15
"540073200","ESC. NORMAL SUP. Nº 09: ""JUAN XXIII"" (ANEXO COMERCIAL)","Bachiller en Ciencias Sociales y Humanidades",24
"540073200","ESC. NORMAL SUP. Nº 09: ""JUAN XXIII"" (ANEXO COMERCIAL)","Técnico en gestión y administración de las organizaciones",18
"540073700","INST. BACHILLERATO HUMANISTA ""MONSEÑOR JORGE KEMERER""","Bachiller en Lenguas",60
"540073800","INST. ""POSADAS""","Bachiller en ciencias naturales",8
"540073800","INST. ""POSADAS""","Bachiller en Ciencias Sociales y Humanidades",9
"540073900","INST. SUP. ""PEDRO GOYENA""","Bachiller en ciencias naturales",9
"540073900","INST. SUP. ""PEDRO GOYENA""","Bachiller en Ciencias Sociales y Humanidades",16
"540073900","INST. SUP. ""PEDRO GOYENA""","Bachiller en Economía y Administración",20
"540074100","B.O.P. Nº 01","Bachiller en Ciencias Sociales y Humanidades",3
"540074100","B.O.P. Nº 01","Bachiller en Economía y Administración",3
"540074100","B.O.P. Nº 01","Bachiller en educación física",8
"540074100","B.O.P. Nº 01","Técnico en equipos e instalaciones electromecánicas",8
"540074300","INST. ""INMACULADA CONCEPCION""","Bachiller en ciencias naturales",28
"540074300","INST. ""INMACULADA CONCEPCION""","Bachiller en Ciencias Sociales y Humanidades",14
"540074300","INST. ""INMACULADA CONCEPCION""","Bachiller en Economía y Administración",24
"540074400","INST. PRIV. ""SAN BASILIO MAGNO""","Bachiller en ciencias naturales",16
"540074400","INST. PRIV. ""SAN BASILIO MAGNO""","Bachiller en Ciencias Sociales y Humanidades",49
"540074500","INST. SUP. ""SANTA CATALINA""","Bachiller en ciencias naturales",52
"540074500","INST. SUP. ""SANTA CATALINA""","Bachiller en Ciencias Sociales y Humanidades",59
"540074500","INST. SUP. ""SANTA CATALINA""","Bachiller en Economía y Administración",59
"540074500","INST. SUP. ""SANTA CATALINA""","Técnico en gestión y administración de las organizaciones",27
"540075300","B.O.P. Nº 42: ""IVONNE PIERRON""","Bachiller en Informática",15
"540075400","B.O.P. Nº 07","Bachiller en economía y administración",24
"540076500","I.E.A. Nº 01","Técnico en producción agropecuaria",11
"540078100","E.F.A. ""STA. MARIA GORETTI""","Bachiller agrario",19
"540078200","INST. ""PQUIAL SAN ANDRÉS""","Bachiller en Economía y Administración",15
"540078800","COLEGIO Nº 02: ""MANUEL BELGRANO""","Bachiller en ciencias naturales",8
"540078900","ESC. DE COMERCIO Nº 18: ""LIBERTADOR GENERAL DON JOSÉ DE SAN MARTIN""","Bachiller en Ciencias Sociales y Humanidades",10
"540078900","ESC. DE COMERCIO Nº 18: ""LIBERTADOR GENERAL DON JOSÉ DE SAN MARTIN""","Bachiller en Economía y Administración",16
"540079000","B.O.P. Nº 14","Bachiller en comunicación",1
"540079000","B.O.P. Nº 14","Bachiller en turismo",14
"540079600","E.F.A. ""SAN IGNACIO DE LOYOLA""","Bachiller agrario",18
"540079800","B.O.P. Nº 35","Bachiller en Ciencias Sociales y Humanidades",36
"540080100","B.O.P. Nº 24","Bachiller en informática",9
"540080500","INST. ADVENTISTA ""ALTA GRACIA""","Bachiller en ciencias naturales",23
"540081200","B.O.P. Nº 36","Bachiller en ciencias naturales",8
"540081200","B.O.P. Nº 36","Bachiller en Ciencias Sociales y Humanidades",17
"540082800","B.A.P.A.Y.C.","Bachiller en ciencias naturales",9
"540083500","E.P.E.T. Nº 12","Técnico en equipos e instalaciones electromecánicas",19
"540083600","ESC. NORMAL SUP. Nº 05: ""FRAY MAMERTO ESQUIU""","Bachiller en ciencias naturales",17
"540083600","ESC. NORMAL SUP. Nº 05: ""FRAY MAMERTO ESQUIU""","Bachiller en Ciencias Sociales y Humanidades",43
"540085100","B.O.P. Nº 44","Bachiller en Ciencias Sociales y Humanidades",4
"540085100","B.O.P. Nº 44","Bachiller en Informática",7
"540086800","ESC. NORMAL SUP. ""MARIANO MORENO""","Bachiller en ciencias naturales",9
"540086800","ESC. NORMAL SUP. ""MARIANO MORENO""","Bachiller en Ciencias Sociales y Humanidades",15
"540086900","ESC. DE COMERCIO Nº 05","Bachiller en comunicación",18
"540086900","ESC. DE COMERCIO Nº 05","Bachiller en Economía y Administración",52
"540087500","BACH. COMUN Nº 08","Bachiller en comunicación",7
"540088000","B.O.P. Nº 19: ""GRAL.MANUEL DE ROSAS""","Bachiller en turismo",18
"540088200","INST. ""NTRA. SRA. DE LOS MILAGROS""","Técnico en gestión y administración de las organizaciones",12
"540088400","E.P.E.T. Nº 15: ""CELULOSA ARGENTINA""","Técnico en equipos e instalaciones electromecánicas",13
"540088400","E.P.E.T. Nº 15: ""CELULOSA ARGENTINA""","Técnico químico",17
"540089200","B.O.P. Nº 25","Bachiller en ciencias naturales",8
"540090500","INST. ""NTRA. SRA. DE ITATI""","Bachiller en economía y administración",8
"540090600","E.P.E.T. Nº 14","Bachiller en turismo",12
"540090600","E.P.E.T. Nº 14","Técnico en equipos e instalaciones electromecánicas",13
"540090800","E.F.A. ""SAN WENDELINO""","Bachiller agrario",17
"540091300","I.E.A. Nº 02","Técnico en producción agropecuaria",4
"540091600","INST. ""SAN FRANCISCO""","Bachiller en Ciencias Sociales y Humanidades",12
"540091700","E.F.A. ""SAN PEDRO""","Bachiller agrario",10
"540091800","ESC. DE COMERCIO Nº 17","Bachiller en Ciencias Sociales y Humanidades",49
"540091800","ESC. DE COMERCIO Nº 17","Bachiller en Economía y Administración",27
"540092700","E.P.E.T. Nº 08","Maestro mayor de obras",12
"540092700","E.P.E.T. Nº 08","Técnico en automotores",22
"540092800","E.F.A. ""SAN BONIFACIO""","Bachiller agrario",18
"540094100","ESC. NORMAL SUP. Nº 12","Bachiller en ciencias naturales",39
"540094100","ESC. NORMAL SUP. Nº 12","Bachiller en Ciencias Sociales y Humanidades",30
"540094100","ESC. NORMAL SUP. Nº 12","Bachiller en Economía y Administración",10
"540094600","B.O.P. Nº 91 (Ex C. Basico  Nº 7)","Bachiller en Ciencias Sociales y Humanidades",18
"540095000","B.O.P. Nº 31","Bachiller en Economía y Administración",27
"540095300","B.O.P. Nº 11: ""MARTIN M. DE GÜEMES""","Bachiller en Ciencias Sociales y Humanidades",45
"540095600","INST. SUP. ""BELÉN""","Bachiller en economía y administración",30
"540096300","INST. SUP. ""SAN JOSE""","Bachiller en ciencias naturales",53
"540096400","BACH. PEDAG. Nº 04","Bachiller en Ciencias Sociales y Humanidades",13
"540096600","B.O.P. Nº 28","Bachiller en Ciencias Sociales y Humanidades",30
"540097200","INST. FAMILIAR ""GUMERCINDO ESQUIVEL""","Bachiller en ciencias naturales",14
"540097200","INST. FAMILIAR ""GUMERCINDO ESQUIVEL""","Bachiller en Economía y Administración",23
"540097400","B.O.P. Nº 48","Bachiller en Ciencias Sociales y Humanidades",18
"540098100","B.O.P. Nº 39","Bachiller en Ciencias Sociales y Humanidades",30
"540098700","INST. ""MADRE TERESA MICHEL""","Bachiller en ciencias naturales",23
"540098800","E.P.E.T. Nº 11","Maestro mayor de obras",23
"540099100","ESC. NORMAL SUP. Nº 02: ""MANUEL BELGRANO""","Bachiller en ciencias naturales",9
"540099100","ESC. NORMAL SUP. Nº 02: ""MANUEL BELGRANO""","Bachiller en Ciencias Sociales y Humanidades",41
"540099100","ESC. NORMAL SUP. Nº 02: ""MANUEL BELGRANO""","Bachiller en Economía y Administración",16
"540099800","E.P.E.T. Nº 07","Técnico en automotores",12
"540099800","E.P.E.T. Nº 07","Técnico en equipos e instalaciones electromecánicas",17
"540099800","E.P.E.T. Nº 07","Técnico en informática profesional y personal",23
"540100300","INST. ""NTRA. SRA. DE FATIMA""","Bachiller en Economía y Administración",19
"540101200","ESC. DE COMERCIO Nº 07","Bachiller en Economía y Administración",30
"540101400","B.O.P. Nº 33","Bachiller en Agro y Ambiente",2
"540101600","BACH. PEDAG. Nº 02: ""JOSE M. ESTRADA""","Bachiller en Ciencias Sociales y Humanidades",8
"540102000","B.O.P. Nº 02","Bachiller en Economía y Administración",13
"540103600","B.O.P. Nº 45","Bachiller en ciencias naturales",10
"540103600","B.O.P. Nº 45","Bachiller en Ciencias Sociales y Humanidades",11
"540104100","BACH. COMUN Nº 05","Bachiller en Ciencias Sociales y Humanidades",30
"540104400","E.P.E.T. Nº 02: ""CLOTILDE M.G.DE FERNANDEZ""","Técnico en gestión y administración de las organizaciones",30
"540104400","E.P.E.T. Nº 02: ""CLOTILDE M.G.DE FERNANDEZ""","Técnico en indumentaria y productos de confección textil",34
"540104500","B.O.P. Nº 09","Bachiller en Arte - Artes Visuales",27
"540104700","INST. SUP. ""ESPÍRITU SANTO""","Bachiller en Informática",18
"540105300","INST. ""MADRE DE LA MISERICORDIA""","Bachiller en ciencias naturales",34
"540105300","INST. ""MADRE DE LA MISERICORDIA""","Bachiller en Ciencias Sociales y Humanidades",61
"540105300","INST. ""MADRE DE LA MISERICORDIA""","Bachiller en Economía y Administración",26
"540105400","INST. SUP. ""SANTA MARIA""","Bachiller en ciencias naturales",31
"540105400","INST. SUP. ""SANTA MARIA""","Bachiller en Ciencias Sociales y Humanidades",97
"540105400","INST. SUP. ""SANTA MARIA""","Bachiller en Robótica y Programación",16
"540105600","INST. ADVENTISTA ""MARIANO MORENO""","Bachiller en economía y administración",23
"540106600","ESC. AGROT. ""SAN ANTONIO""","Técnico en producción agropecuaria",12
"540106601","Aula Sat. Nº 01: ""ESC. AGROT. SAN ANTONIO""","Bachiller en Agro y Ambiente",2
"540106800","INST. ""SAN JOSAFAT""","Bachiller en Ciencias Sociales y Humanidades",26
"540106800","INST. ""SAN JOSAFAT""","Bachiller en Economía y Administración",40
"540106900","B.O.P. Nº 12","Bachiller en Economía y Administración",13
"540107000","INST. AGROTÉCNICO SALESIANO ""PASCUAL GENTILINI""","Técnico en producción agropecuaria",23
"540107100","INST. POLITÉCNICO ""SAN ARNOLDO JANSSEN""","Maestro mayor de obras",18
"540107100","INST. POLITÉCNICO ""SAN ARNOLDO JANSSEN""","Técnico en automotores",15
"540107100","INST. POLITÉCNICO ""SAN ARNOLDO JANSSEN""","Técnico en electrónica",12
"540107100","INST. POLITÉCNICO ""SAN ARNOLDO JANSSEN""","Técnico en equipos e instalaciones electromecánicas",8
"540107700","INST. ""LINEA CUCHILLA""","Bachiller en turismo",9
"540107700","INST. ""LINEA CUCHILLA""","Técnico en equipos e instalaciones electromecánicas",25
"540107700","INST. ""LINEA CUCHILLA""","Técnico en producción agropecuaria",30
"540108000","COLEGIO AMADEO BONPLAND","Bachiller en ciencias naturales",21
"540108000","COLEGIO AMADEO BONPLAND","Bachiller en Ciencias Sociales y Humanidades",59
"540108000","COLEGIO AMADEO BONPLAND","Bachiller en economía y administración",36
"540108100","CENTRO POLIVALENTE DE ARTE","Bachiller en Arte - Música",27
"540108200","E.F.A. ""CONCEPCIÓN DE LA VIRGEN MARÍA""","Bachiller agrario",3
"540108600","ESC. NORMAL SUP. Nº 07","Bachiller en Ciencias Sociales y Humanidades",39
"540108700","INST. PRIV. ""EMMANUEL""","Bachiller en comunicación",25
"540109500","INST. ""CONCORDIA""","Bachiller en Ciencias Sociales y Humanidades",19
"540109500","INST. ""CONCORDIA""","Bachiller en Economía y Administración",28
"540109600","B.O.P. Nº 37","Bachiller en Ciencias Sociales y Humanidades",9
"540109800","INST. ""HINDENBURG""","Bachiller en ciencias naturales",38
"540109900","INST.PRIV. S.O.S. ""HERMANN GMEINER""","Bachiller en Ciencias Sociales y Humanidades",19
"540109900","INST.PRIV. S.O.S. ""HERMANN GMEINER""","Bachiller en Informática",26
"540110300","INST. ""CARLOS LINNEO""","Bachiller en ciencias naturales",20
"540110300","INST. ""CARLOS LINNEO""","Bachiller en Ciencias Sociales y Humanidades",11
"540110300","INST. ""CARLOS LINNEO""","Bachiller en Economía y Administración",11
"540110400","ESC. NORMAL SUP. Nº 04: ""NICOLAS AVELLANEDA""","Bachiller en ciencias naturales",30
"540110400","ESC. NORMAL SUP. Nº 04: ""NICOLAS AVELLANEDA""","Bachiller en Ciencias Sociales y Humanidades",69
"540112000","INST. SUP. ""COLEGIO DEL CARMEN""","Bachiller en Ciencias Sociales y Humanidades",41
"540112100","INST. ""SAN PABLO""","Bachiller en ciencias naturales",27
"540112200","INST. SUP. ""JESUS DE NAZARETH""","Bachiller en ciencias naturales",45
"540112200","INST. SUP. ""JESUS DE NAZARETH""","Bachiller en Economía y Administración",28
"540112300","B.O.P. Nº 10: ""WENCESLAO HUGO ROQUE AMABLE""","Bachiller en Economía y Administración",12
"540113300","INST. ""NTRA. SRA. DEL IGUAZÚ""","Técnico en informática profesional y personal",22
"540114600","INST. ""GUTENBERG""","Bachiller en Ciencias Sociales y Humanidades",56
"540114900","INST. ""JESUS NIÑO""","Bachiller en Arte - Artes Visuales",36
"540114900","INST. ""JESUS NIÑO""","Bachiller en ciencias naturales",39
"540115100","INST. ""SAN LUCAS"" ","Bachiller en Economía y Administración",22
"540115200","INST. ""CRECER""","Bachiller en Ciencias Sociales y Humanidades",14
"540115300","COLEGIO ARGENTINO AMERICANO","Bachiller en Economía y Administración",17
"540116200","INST. ""JESÚS SACRAMENTADO""","Bachiller en Ciencias Sociales y Humanidades",0
"540116700","INST. AGROTÉCNICO ""JARDÍN AMÉRICA""","Técnico en producción agropecuaria",11
"540116800","E.F.A. ""SAN BERNARDO""","Bachiller agrario",14
"540116900","INST. EVANGÉLICO BAUTISTA ""BELEN""","Bachiller en ciencias naturales",12
"540117200","INST. ""HORACIO QUIROGA""","Bachiller en Ciencias Sociales y Humanidades",12
"540117300","INST. SUP. ""COMBATE MBORORÉ""","Bachiller en Ciencias Sociales y Humanidades",30
"540117600","INST. CRISTIANO ""REPUBLICA ARGENTINA""","Bachiller en economía y administración",10
"540119900","E.P.E.T. Nº 37: ""BENJAMIN MATIENZO"" (EX E.P.I.P.A.)","Técnico en aeronáutica",21
"540122200","INST. PRIV. ""GENESIS""","Bachiller en Informática",20
"540124200","B.O.P. Nº 51","Bachiller en Economía y Administración",11
"540125300","C.E.P. Nº 01","Bachiller en Ciencias Sociales y Humanidades",5
"540125300","C.E.P. Nº 01","Bachiller en Economía y Administración",7
"540126100","INST. ""DIEGO THOMSON""","Bachiller en Economía y Administración",8
"540126200","E.F.A. ""JESUS DE GALILEA""","Técnico en producción agropecuaria",10
"540126700","ITEC IGUAZU","Bachiller en turismo",39
"540126800","ITEC ALEM","Bachiller en turismo",15
"540128400","INST. DE ARTE ""LEONARDO DAVINCI""","Bachiller en Economía y Administración",7
"540128700","C.E.P. Nº 05","Bachiller en Economía y Administración",22
"540128800","INST. SUP. ""LISANDRO DE LA TORRE""","Bachiller en Ciencias Sociales y Humanidades",16
"540128800","INST. SUP. ""LISANDRO DE LA TORRE""","Bachiller en comunicación",14
"540128800","INST. SUP. ""LISANDRO DE LA TORRE""","Bachiller en Economía y Administración",14
"540129500","C.E.P. Nº 06","Bachiller en Ciencias Sociales y Humanidades",6
"540129600","INST. SUP. ""SAN AGUSTIN""","Bachiller en comunicación",10
"540129600","INST. SUP. ""SAN AGUSTIN""","Maestro mayor de obras",7
"540130600","INST. ""SAN JUAN PABLO II""","Bachiller en ciencias naturales",18
"540130600","INST. ""SAN JUAN PABLO II""","Bachiller en comunicación",19
"540130800","INST. ""NTRA. SRA. DE FÁTIMA""","Bachiller en Ciencias Sociales y Humanidades",10
"540130800","INST. ""NTRA. SRA. DE FÁTIMA""","Bachiller en Economía y Administración",11
"540130900","E.F.A. ""SAN CRISTOBAL""","Bachiller agrario",10
"540131000","INST. ADVENTISTA ""PUERTO ESPERANZA""","Bachiller en Economía y Administración",8
"540131100","E.F.A. ""SAN ARNOLDO JANSSEN""","Bachiller agrario",25
"540131400","E.F.A. ""S.J. FREINADEMETZ""","Técnico en producción agropecuaria",7
"540131401","Aula Sat. Nº 01: ""E.F.A. S.J. FREINADEMETZ""","Bachiller en Agro y Ambiente",4
"540131700","C.E.P. Nº 03 ","Bachiller en Economía y Administración",35
"540132500","E.P.E.T. Nº 36 (EX C.E.P. Nº 07)","Técnico en gestión y administración de las organizaciones",25
"540132500","E.P.E.T. Nº 36 (EX C.E.P. Nº 07)","Técnico en tecnología de los alimentos",29
"540132700","C.E.P. Nº 08","Bachiller en Ciencias Sociales y Humanidades",15
"540133100","E.P.E.T. Nº 46 (Ex. C.E.P. Nº 09)","Técnico en informática profesional y personal",12
"540133700","C.E.P. Nº 11","Bachiller en ciencias naturales",9
"540133700","C.E.P. Nº 11","Bachiller en Informática",26
"540133800","E.F.A. ""SANTISIMA TRINIDAD""","Bachiller agrario",23
"540135600","E.F.A. ""CRISTO REY DE TAMANDUÁ""","Bachiller agrario",14
"540136200","C.E.P. Nº 13: ""JUAN CARLOS PIREZ""","Bachiller en Agro y Ambiente",9
"540136500","C.E.P. Nº 14","Bachiller en Agro y Ambiente",18
"540136501","Aula Sat. Nº 01: ""C.E.P. Nº 14""","Bachiller en Agro y Ambiente",7
"540137600","E.P.E.T. Nº 16","Maestro mayor de obras",12
"540137600","E.P.E.T. Nº 16","Técnico en equipos e instalaciones electromecánicas",17
"540137800","C.E.P. Nº 12","Bachiller en Agro y Ambiente",10
"540137900","INST. ""NUESTRA SEÑORA DE CANDELARIA""","Bachiller en Informática",26
"540139500","C.E.P. Nº 20","Bachiller en Ciencias Sociales y Humanidades",6
"540139500","C.E.P. Nº 20","Bachiller en Economía y Administración",16
"540139600","E.P.E.T. Nº 17","Técnico en Industrialización de la Madera y el Mueble",15
"540139800","C.E.P. Nº 26","Bachiller en Ciencias Sociales y Humanidades",8
"540140000","C.E.P. Nº 16","Bachiller en Ciencias Sociales y Humanidades",8
"540140000","C.E.P. Nº 16","Bachiller en Economía y Administración",10
"540140100","C.E.P. Nº 18","Bachiller en Ciencias Sociales y Humanidades",15
"540140200","I.E.A. Nº 18 (Ex C.E.P. Nº 24)","Bachiller en ciencias naturales",15
"540140400","C.E.P. Nº 21","Bachiller en Arte - Artes Visuales",39
"540140500","C.E.P. Nº 22","Bachiller en Ciencias Sociales y Humanidades",6
"540140700","C.E.P. Nº 25","Bachiller en Economía y Administración",22
"540140800","C.E.P. Nº 27","Bachiller en turismo",30
"540140900","C.E.P. Nº 28","Bachiller en Economía y Administración",25
"540141000","C.E.P. Nº 29","Bachiller en Agro y Ambiente",16
"540141100","C.E.P. Nº 30","Bachiller en ciencias naturales",10
"540141101","Aula Sat. Nº 01: ""C.E.P. Nº 30""","Bachiller en Agro Ambiente",0
"540141200","C.E.P. Nº 31","Bachiller en Ciencias Sociales y Humanidades",5
"540141400","E.P.E.T. Nº 18","Técnico en equipos e instalaciones electromecánicas",30
"540141500","E.P.E.T. Nº 19","Tecnico en Industrias de Procesos",14
"540148100","E.P.E.T. Nº 22 (Ex Aula Sat. Nº 01: ""BACH. PEDAG. Nº 04(1830)"")","Tecnico en Industrias de Procesos",7
"540148200","B.O.P. Nº 93 (Ex C. Basico  Nº 09)","Bachiller en Ciencias Sociales y Humanidades",7
"540148300","C.E.P. Nº 38","Bachiller en Ciencias Sociales y Humanidades",9
"540148400","B.O.P. Nº 95 (Ex C. Basico  Nº 11)","Bachiller en turismo",7
"540148500","C.E.P. Nº 36","Bachiller en Arte - Artes Visuales",15
"540148500","C.E.P. Nº 36","Bachiller en Ciencias Sociales y Humanidades",15
"540148600","B.O.P. Nº 86 (Ex C. Basico  Nº 02)","Bachiller en Ciencias Sociales y Humanidades",23
"540148600","B.O.P. Nº 86 (Ex C. Basico  Nº 02)","Bachiller en Economía y Administración",17
"540148700","B.O.P. Nº 85 (Ex C. Basico  Nº 01)","Bachiller en Ciencias Sociales y Humanidades",1
"540148700","B.O.P. Nº 85 (Ex C. Basico  Nº 01)","Bachiller en Economía y Administración",1
"540148701","Aula Sat. Nº 01: ""B.O.P. Nº 85""","Bachiller en turismo",3
"540148800","B.O.P. Nº 88 (Ex C. Basico  Nº 04)","Bachiller en Ciencias Sociales y Humanidades",8
"540148900","B.O.P. Nº 89 (Ex C. Basico  Nº 05)","Bachiller en Lenguas",20
"540149000","B.O.P. Nº 96 (Ex C. Basico  Nº 12)","Bachiller en comunicación",51
"540149100","B.O.P. Nº 94 (Ex C. Basico  Nº 10)","Bachiller en Economía y Administración",11
"540149200","C.E.P. Nº 37 (Ex Aula Sat. ""I.E.A. Nº 02"")","Bachiller en Agro y Ambiente",3
"540149300","C.E.P. Nº 35","Bachiller en Agro y Ambiente",13
"540149400","E.P.E.T. Nº 20","Maestro mayor de obras",12
"540149500","E.P.E.T. Nº 21","Maestro mayor de obras",24
"540149600","E.P.E.T. Nº 23","Técnico en equipos e instalaciones electromecánicas",20
"540149800","B.O.P. Nº 99 (Ex C. Basico  Nº 15)","Bachiller en Economía y Administración",10
"540149900","B.O.P. Nº 92 (Ex C. Basico  Nº 08)","Bachiller en Ciencias Sociales y Humanidades",6
"540150000","C.E.P. Nº 39 (Ex Aula Sat. ""B.O.L.P. Nº 18"")","Bachiller en Agro y Ambiente",17
"540150100","C.E.P. Nº 40 (Ex Aula Sat. Nº 03: ""I.E.A. Nº 02"")","Bachiller en Agro y Ambiente",24
"540150200","C.E.P. Nº 42","Bachiller en Agro y Ambiente",8
"540150201","Aula Sat. Nº 01: ""C.E.P. Nº 42""","Bachiller en Agro y Ambiente",12
"540150300","C.E.P. Nº 43","Bachiller en Agro y Ambiente",24
"540150400","B.O.P. Nº 100 (Ex C. Basico Nº 16)","Bachiller en Ciencias Sociales y Humanidades",16
"540150400","B.O.P. Nº 100 (Ex C. Basico Nº 16)","Bachiller en turismo",14
"540150500","B.O.P. Nº 87 (Ex C. Básico  Nº 03)","Bachiller en Ciencias Sociales y Humanidades",17
"540150600","B.O.P. Nº 90 (Ex C. Basico  Nº 06)","Bachiller en Agro y Ambiente",7
"540150700","B.O.P. Nº 98 (Ex C. Basico  Nº 14)","Bachiller en Arte - Artes Visuales",8
"540150900","B.O.P. Nº 102","Bachiller en Economía y Administración",3
"540151300","B.O.P. Nº 101 (Ex C. Basico Nº 17)","Bachiller en Ciencias Sociales y Humanidades",11
"540151400","B.O.P. Nº 97 (Ex C. Basico  Nº 13)","Bachiller en turismo",47
"540151500","C.E.P. Nº 41 (Ex Aula Sat. Nº 02: ""B.O.L.P. Nº 03"")","Bachiller en Ciencias Sociales y Humanidades",2
"540151600","C.E.P. Nº 44 (Ex Aula Sat. ""B.O.L.P. Nº 10"")","Bachiller en Ciencias Sociales y Humanidades",18
"540151700","C.E.P. Nº 45","Bachiller en Ciencias Sociales y Humanidades",13
"540152400","C.E.P. Nº 49","Bachiller en turismo",14
"540152500","C.E.P. Nº 47","Bachiller en Agro y Ambiente",1
"540152600","E.P.E.T. Nº 24 (Ex C.E.P. Nº 10)","Técnico en equipos e instalaciones electromecánicas",1
"540153900","C.E.P. Nº 19 (Ex Aula Sat. Nº 02: ""B.O.L.P. Nº 16"")","Bachiller en Agro y Ambiente",6
"540154200","C.E.P. Nº 46 (Ex Aula Sat. Nº 01: ""B.O.P. Nº 10"")","Bachiller en Economía y Administración",10
"540154800","INST. ""UNIVERSO""","Bachiller en Ciencias Sociales y Humanidades",13
"540155000","INST. SUP. ""YABOTI""","Bachiller en Informática",25
"540155200","B.O.P. Nº 104 (Ex C. Basico Nº 20)","Bachiller en Agro y Ambiente",34
"540155300","B.O.P. Nº 105 (Ex C. Basico Nº 21)","Bachiller en Arte - Música",12
"540155400","C.E.P. Nº 55","Bachiller en turismo",13
"540155500","C.E.P. Nº 51 (Ex Aula Sat. Nº 03: ""B.O.L.P. Nº 03"")","Bachiller en Agro y Ambiente",6
"540155700","E.P.E.T. Nº 25","Técnico en equipos e instalaciones electromecánicas",21
"540155800","B.O.P. Nº 107 (Ex C. Basico Nº 23)","Bachiller en Ciencias Sociales y Humanidades",7
"540156100","C.E.P. Nº 57","Bachiller en ciencias naturales",5
"540156100","C.E.P. Nº 57","Bachiller en Ciencias Sociales y Humanidades",10
"540156100","C.E.P. Nº 57","Bachiller en Economía y Administración",9
"540156200","E.P.E.T. Nº 26","Técnico en equipos e instalaciones electromecánicas",3
"540156300","C.E.P. Nº 54","Bachiller en Economía y Administración",17
"540156500","B.O.P. Nº 103 (Ex C. Basico Nº 19)","Bachiller en Economía y Administración",1
"540156800","C.E.P. Nº 56","Bachiller en Arte - Artes Visuales",15
"540156800","C.E.P. Nº 56","Bachiller en Ciencias Sociales y Humanidades",12
"540157600","C.E.P. Nº 52 (Ex Aula Sat. ""BOLP Nº 28"")","Bachiller en Ciencias Sociales y Humanidades",7
"540158400","E.P.E.T. Nº 27","Maestro mayor de obras",5
"540158500","C.E.P. Nº 61 (Ex Aula Sat. Nº 02: ""B.O.L.P. 31"")","Bachiller en Economía y Administración",11
"540158600","B.O.P. Nº 106 (Ex C. Basico Nº 22)","Bachiller en turismo",34
"540159100","C.E.P. Nº 50","Bachiller en Agro y Ambiente",9
"540159800","C.E.P. Nº 10 (Ex Aula Sat. ""C.E.P. Nº 15"")","Bachiller en Ciencias Sociales y Humanidades",6
"540161100","C.E.P. Nº 64","Bachiller en Ciencias Sociales y Humanidades",2
"540161700","C.E.P. Nº 63 (Ex Aula Sat. Nº 01: ""B.O.L.P. 16"")","Bachiller en Ciencias Sociales y Humanidades",4
"540161900","E.F.A. ""SAN ANTONIO""","Bachiller agrario",24
"540163400","E.P.E.T. Nº 30","Técnico en equipos e instalaciones electromecánicas",11
"540163500","B.O.P. Nº 56","Bachiller en Agro y Ambiente",6
"540163700","B.O.P. Nº 61","Bachiller en ciencias naturales",9
"540163700","B.O.P. Nº 61","Bachiller en Economía y Administración",20
"540163800","B.O.P. Nº 54","Bachiller en turismo",8
"540163900","B.O.P. Nº 63","Bachiller en Agro y Ambiente",17
"540163901","Aula Sat. Nº 01: ""B.O.P. Nº 63""","Bachiller en Agro y Ambiente",5
"540164000","B.O.P. Nº 65","Bachiller en Agro y Ambiente",3
"540164100","B.O.P. Nº 78","Bachiller en Ciencias Sociales y Humanidades",13
"540164200","B.O.P. Nº 67","Bachiller en Agro y Ambiente",5
"540164300","B.O.P. Nº 57","Bachiller en Agro y Ambiente",2
"540164400","B.O.P. Nº 53","Bachiller en Agro y Ambiente",16
"540164500","B.O.P. Nº 52","Bachiller en ciencias naturales",17
"540164501","Aula Sat. Nº 01: ""B.O.P. Nº 52""","Bachiller en Agro y Ambiente",5
"540164700","B.O.P. Nº 55","Bachiller en Ciencias Sociales y Humanidades",18
"540164900","E.P.E.T. Nº 49 (EX B.O.P.Nº 77)","Técnico en informática profesional y personal",4
"540165100","B.O.P. Nº 68","Bachiller en Agro y Ambiente",3
"540165101","Aula Sat. Nº 01: ""B.O.P. Nº 68""","Bachiller en Agro y Ambiente",4
"540165300","B.O.P. Nº 64","Bachiller en Agro y Ambiente",8
"540165500","B.O.P. Nº 58","Bachiller en ciencias naturales",14
"540165600","B.O.P. Nº 76","Bachiller en Agro y Ambiente",10
"540166000","B.O.P. Nº 73","Bachiller en Agro y Ambiente",10
"540166001","Aula Sat. Nº 01: ""B.O.P. Nº 73""","Bachiller en Agro y Ambiente",5
"540166100","E.P.E.T. Nº 50 (EX B.O.P. Nº 70)","Bachiller en Agro y Ambiente",6
"540166200","E.P.E.T. Nº 29","Maestro mayor de obras",0
"540166300","B.O.P. Nº 60","Bachiller en Agro y Ambiente",8
"540166400","B.O.P. Nº 72","Bachiller en Agro y Ambiente",17
"540167700","B.O.P. Nº 71","Bachiller en Agro y Ambiente",3
"540167800","I.E.A. Nº 05","Técnico en producción agropecuaria",10
"540168000","B.O.P. Nº 66","Bachiller en Agro y Ambiente",5
"540168001","Aula Sat. Nº 01: ""B.O.P. Nº 66""","Bachiller en Agro y Ambiente",6
"540168002","Aula Sat. Nº 02: ""B.O.P. Nº 66""","Bachiller en Agro y Ambiente",4
"540168100","I.E.A. Nº 13 (Ex B.O.P. Nº 69)","Técnico en producción agropecuaria",11
"540168400","B.O.P. Nº 79","Bachiller en Economía y Administración",4
"540169900","E.P.E.T. Nº 31","Técnico en equipos e instalaciones electromecánicas",11
"540170200","B.O.P. Nº 62","Bachiller en Agro y Ambiente",8
"540170600","I.E.A. Nº 06","Técnico en producción agropecuaria",4
"540170700","C.E.P. Nº 65 ","Bachiller en turismo",16
"540170800","B.O.P. Nº 59","Bachiller en Ciencias Sociales y Humanidades",4
"540170900","B.O.P. Nº 74","Bachiller en Agro y Ambiente",15
"540171100","I.E.A. Nº 07","Técnico en equipos e instalaciones electromecánicas",6
"540171100","I.E.A. Nº 07","Técnico en producción agropecuaria",11
"540172000","E.P.E.T. Nº 28","Técnico en mecanización agropecuaria",10
"540175200","INST. BAUTISTA DEL CENTRO","Bachiller en educación física",0
"540175600","E.F.A. ""PADRE JOSE MARX""","Bachiller agrario",18
"540175700","E.F.A. ""SANTOS MARTIRES""","Bachiller agrario",24
"540176200","E.P.E.T. Nº 32","Tecnico en Industrias de Procesos",7
"540176300","I.E.A. Nº 08","Técnico en producción agropecuaria",4
"540176400","E.P.E.T. Nº 33","Técnico en equipos e instalaciones electromecánicas",25
"540176600","B.O.P. Nº 83","Bachiller en comunicación",4
"540176900","B.O.P. Nº 82","Bachiller en Ciencias Sociales y Humanidades",40
"540176900","B.O.P. Nº 82","Bachiller en Economía y Administración",10
"540177000","I.E.A. Nº 09","Técnico en producción agropecuaria",10
"540177300","B.O.P. Nº 108","Bachiller en ciencias naturales",6
"540177500","B.O.P. Nº 84","Bachiller en Agro y Ambiente",22
"540178700","I.E.A. Nº 10","Técnico en producción agropecuaria",10
"540178800","I.E.A. Nº 12 (Ex Aula Sat. 01 E.P.E.T. Nº 13)","Técnico en producción agropecuaria",10
"540178900","B.O.P. Nº 109","Bachiller en turismo",10
"540179000","E.P.E.T. Nº 39","Técnico en equipos e instalaciones electromecánicas",5
"540179100","I.E.A. Nº 11","Técnico en producción agropecuaria",7
"540179700","B.O.P. Nº 110","Bachiller en Agro y Ambiente",7
"540179800","B.O.P. Nº 41 (Ex Aula Sat. ""E.P.E.T. Nº 35 (ExAula Sat. Nº 02: ""B.O.P. 41""))","Bachiller en Economía y Administración",6
"540180500","INST. SUP. CULTURAL ""LATINOAMERICANO""","Bachiller en Informática",0
"540180900","INST. ""LAS ARAUCARIAS""","Bachiller en informática",0
"540181100","INST. CONCORDIA","Bachiller en Ciencias Sociales y Humanidades",0
"540181400","B.O.P. Nº 111 ""TEKOÁ FORTÍN MBORORÉ""","Bachiller en Arte - Artes Visuales",5
"540181700","E.P.E.T. Nº 40","Técnico en tecnología de los alimentos",21
"540182400","INST. ""POSADAS EDUCA""","Bachiller en Economía y Administración",8
"540183501","U.G.L. Nº 01 (Ext. Esc. Nº 463)","Bachiller en Agro y Ambiente",1
"540183507","U.G.L. Nº 01 (Ext. Esc. Nº 102)","Bachiller en Agro y Ambiente",1
"540183509","U.G.L. Nº 01 (Ext. Esc. Nº 325)","Bachiller en Agro y Ambiente",0
"540183511","U.G.L. Nº 01 (Ext. Esc. Nº 512)","Bachiller en Agro y Ambiente",5
"540183513","U.G.L. Nº 01 (Ext. Esc. Nº 864)","Bachiller en Agro y Ambiente",2
"540183515","U.G.L. Nº 01 (Ext. Esc. Nº 776)","Bachiller en Agro y Ambiente",5
"540183602","U.G.L. Nº 02 (Ext. Esc. Nº 642)","Bachiller en Agro y Ambiente",5
"540183603","U.G.L. Nº 02 (Ext. Esc. Nº 710)","Bachiller en Agro y Ambiente",3
"540183607","U.G.L. Nº 02 (Ext. Esc. Nº 697)","Bachiller en Agro y Ambiente",6
"540183608","U.G.L. Nº 02 (Ext. Esc. Nº 478)","Bachiller en Agro y Ambiente",0
"540183701","U.G.L. Nº 03 (Ext. Esc. Nº 06)","Bachiller en Agro y Ambiente",14
"540183702","U.G.L. Nº 03 (Ext. Esc. Nº 25)","Bachiller en Agro y Ambiente",5
"540183706","U.G.L. Nº 03 (Ext. Esc. Nº 384)","Bachiller en Agro y Ambiente",5
"540183708","U.G.L. Nº 03 (Ext. Esc. Nº 536)","Bachiller en Agro y Ambiente",5
"540183710","U.G.L. Nº 03 (Ext. Esc. Nº 644)","Bachiller en Agro y Ambiente",6
"540183711","U.G.L. Nº 03 (Ext. Esc. Nº 684)","Bachiller en Agro y Ambiente",3
"540183713","U.G.L. Nº 03 (Ext. Esc. Nº 724)","Bachiller en Agro y Ambiente",2
"540183718","U.G.L. Nº 03 (Ext. Esc. Nº 825)","Bachiller en Agro y Ambiente",1
"540183719","U.G.L. Nº 03 (Ext. Esc. Nº 904)","Bachiller en Agro y Ambiente",6
"540183806","U.G.L. Nº 04 (Ext. Esc. Nº 352)","Bachiller en Agro y Ambiente",9
"540183809","U.G.L. Nº 04 (Ext. Esc. Nº 476)","Bachiller en Agro y Ambiente",13
"540183810","U.G.L. Nº 04 (Ext. Esc. Nº 594)","Bachiller en Agro y Ambiente",4
"540183812","U.G.L. Nº 04 (Ext. Esc. Nº 390)","Bachiller en Agro y Ambiente",3
"540183813","U.G.L. Nº 04 (Ext. Esc. Nº 224)","Bachiller en Agro y Ambiente",3
"540183901","U.G.L. Nº 05 (Ext. Esc. Nº 92)","Bachiller en Agro y Ambiente",4
"540183902","U.G.L. Nº 05 (Ext. Esc. Nº 120)","Bachiller en Agro y Ambiente",0
"540183903","U.G.L. Nº 05 (Ext. Esc. Nº 170)","Bachiller en Agro y Ambiente",0
"540183904","U.G.L. Nº 05 (Ext. Esc. Nº 400)","Bachiller en Agro y Ambiente",3
"540183905","U.G.L. Nº 05 (Ext. Esc. Nº 446)","Bachiller en Agro y Ambiente",0
"540183907","U.G.L. Nº 05 (Ext. Esc. Nº 460)","Bachiller en Agro y Ambiente",1
"540183908","U.G.L. Nº 05 (Ext. Esc. Nº 485)","Bachiller en Agro y Ambiente",0
"540183909","U.G.L. Nº 05 (Ext. Esc. Nº 516)","Bachiller en Agro y Ambiente",0
"540183911","U.G.L. Nº 05 (Ext. Esc. Nº 564)","Bachiller en Agro y Ambiente",0
"540183912","U.G.L. Nº 05 (Ext. Esc. Nº 605)","Bachiller en Agro y Ambiente",3
"540183913","U.G.L. Nº 05 (Ext. Esc. Nº 653)","Bachiller en Agro y Ambiente",0
"540183914","U.G.L. Nº 05 (Ext. Esc. Nº 664)","Bachiller en Agro y Ambiente",0
"540184001","U.G.L. Nº 06 (Ext. Esc. Nº 578)","Bachiller en Agro y Ambiente",0
"540184004","U.G.L. Nº 06 (Ext. Esc. Nº 028)","Bachiller en Agro y Ambiente",0
"540184006","U.G.L. Nº 06 (Ext. Esc. Nº 568)","Bachiller en Agro y Ambiente",3
"540184008","U.G.L. Nº 06 (Ext. Esc. Nº 292)","Bachiller en Agro y Ambiente",0
"540184009","U.G.L. Nº 06 (Ext. Esc. Nº 562)","Bachiller en Agro y Ambiente",0
"540184011","U.G.L. Nº 06 (Ext. Esc. Nº 394)","Bachiller en Agro y Ambiente",0
"540184012","U.G.L. Nº 06 (Ext. Esc. Nº 830)","Bachiller en Agro y Ambiente",0
"540184013","U.G.L. Nº 06 (Ext. Esc. Nº 386)","Bachiller en Agro y Ambiente",2
"540184014","U.G.L. Nº 06 (Ext. Esc. Nº 560)","Bachiller en Agro y Ambiente",0
"540184015","U.G.L. Nº 06 (Ext. Esc. Nº 351)","Bachiller en Agro y Ambiente",0
"540184016","U.G.L. Nº 06 (Ext. Esc. Nº 641)","Bachiller en Agro y Ambiente",5
"540184017","U.G.L. Nº 06 (Ext. Esc. Nº 360)","Bachiller en Agro y Ambiente",3
"540184019","U.G.L. Nº 06 (Ext. Esc. Nº 376)","Bachiller en Agro y Ambiente",0
"540184101","U.G.L. Nº 07 (Ext. Esc. Nº 40)","Bachiller en Agro y Ambiente",0
"540184102","U.G.L. Nº 07 (Ext. Esc. Nº 213)","Bachiller en Agro y Ambiente",5
"540184104","U.G.L. Nº 07 (Ext. Esc. Nº 496)","Bachiller en Agro y Ambiente",3
"540184105","U.G.L. Nº 07 (Ext. Esc. Nº 589)","Bachiller en Agro y Ambiente",0
"540184106","U.G.L. Nº 07 (Ext. Esc. Nº 209)","Bachiller en Agro y Ambiente",1
"540184109","U.G.L. Nº 07 (Ext. Esc. Nº 459)","Bachiller en Agro y Ambiente",0
"540184110","U.G.L. Nº 07 (Ext. Esc. Nº 29)","Bachiller en Agro y Ambiente",0
"540184113","U.G.L. Nº 07 (Ext. Esc. Nº 370)","Bachiller en Agro y Ambiente",0
"540184114","U.G.L. Nº 07 (Ext. Esc. Nº 493)","Bachiller en Agro y Ambiente",0
"540184115","U.G.L. Nº 07 (Ext. Esc. Nº 422)","Bachiller en Agro y Ambiente",13
"540184116","U.G.L. Nº 07 (Ext. Esc. Nº 570)","Bachiller en Agro y Ambiente",0
"540184117","U.G.L. Nº 07 (Ext. Esc. Nº 329)","Bachiller en Agro y Ambiente",6
"540184201","U.G.L. Nº 08 (Ext. Esc. Nº 22)","Bachiller en Agro y Ambiente",3
"540184207","U.G.L. Nº 08 (Ext. Esc. Nº 432)","Bachiller en Agro y Ambiente",6
"540184212","U.G.L. Nº 08 (Ext. Esc. Nº 532)","Bachiller en Agro y Ambiente",3
"540184215","U.G.L. Nº 08 (Ext. Esc. Nº 734)","Bachiller en Agro y Ambiente",5
"540184219","U.G.L. Nº 08 (Ext. Esc. Nº 861)","Bachiller en Agro y Ambiente",5
"540184302","U.G.L. Nº 09 (Ext. Esc. Nº 691)","Bachiller en Agro y Ambiente",1
"540184303","U.G.L. Nº 09 (Ext. Esc. Nº 525)","Bachiller en Agro y Ambiente",6
"540184304","U.G.L. Nº 09 (Ext. Esc. Nº 261)","Bachiller en Agro y Ambiente",6
"540184309","U.G.L. Nº 09 (Ext. Esc. Nº 153)","Bachiller en Agro y Ambiente",1
"540184310","U.G.L. Nº 09 (Ext. Esc. Nº 888)","Bachiller en Agro y Ambiente",1
"540184402","U.G.L. Nº 10 (Ext. Esc. Nº 290)","Bachiller en Agro y Ambiente",1
"540184404","U.G.L. Nº 10 (Ext. Esc. Nº 338)","Bachiller en Agro y Ambiente",4
"540184405","U.G.L. Nº 10 (Ext. Esc. Nº 358)","Bachiller en Agro y Ambiente",4
"540184408","U.G.L. Nº 10 (Ext. Esc. Nº 639)","Bachiller en Agro y Ambiente",2
"540184409","U.G.L. Nº 10 (Ext. Esc. Nº 702)","Bachiller en Agro y Ambiente",3
"540184501","U.G.L. Nº 11 (Ext. Esc. Nº 226)","Bachiller en Agro y Ambiente",2
"540184503","U.G.L. Nº 11 (Ext. Esc. Nº 55)","Bachiller en Agro y Ambiente",8
"540184506","U.G.L. Nº 11 (Ext. Esc. Nº 139)","Bachiller en Agro y Ambiente",1
"540184510","U.G.L. Nº 11 (Ext. Esc. Nº 176)","Bachiller en Agro y Ambiente",4
"540184512","U.G.L. Nº 11 (Ext. Esc. Nº 195)","Bachiller en Agro y Ambiente",1
"540184513","U.G.L. Nº 11 (Ext. Esc. Nº 196)","Bachiller en Agro y Ambiente",5
"540184516","U.G.L. Nº 11 (Ext. Esc. Nº 624)","Bachiller en Agro y Ambiente",6
"540184519","U.G.L. Nº 11 (Ext. Esc. Nº 772)","Bachiller en Agro y Ambiente",7
"540184604","U.G.L. Nº 12 (Ext. Esc. Nº 313)","Bachiller en Agro y Ambiente",3
"540184606","U.G.L. Nº 12 (Ext. Esc. Nº 559)","Bachiller en Agro y Ambiente",1
"540184610","U.G.L. Nº 12 (Ext. Esc. Nº 727)","Bachiller en Agro y Ambiente",2
"540184612","U.G.L. Nº 12 (Ext. Esc. Nº 465)","Bachiller en Agro y Ambiente",1
"540184615","U.G.L. Nº 12 (Ext. Esc. Nº 44)","Bachiller en Agro y Ambiente",4
"540184616","U.G.L. Nº 12 (Ext. Esc. Nº 378)","Bachiller en Agro y Ambiente",1
"540184701","U.G.L. Nº 13 (Ext. Esc. Nº 440)","Bachiller en Agro y Ambiente",3
"540184702","U.G.L. Nº 13 (Ext. Esc. Nº 648)","Bachiller en Agro y Ambiente",12
"540184706","U.G.L. Nº 13 (Ext. Esc. Nº 447)","Bachiller en Agro y Ambiente",7
"540184707","U.G.L. Nº 13 (Ext. Esc. Nº 334)","Bachiller en Agro y Ambiente",4
"540184708","U.G.L. Nº 13 (Ext. Esc. Nº 222)","Bachiller en Agro y Ambiente",5
"540184711","U.G.L. Nº 13 (Ext. Esc. Nº 189)","Bachiller en Agro y Ambiente",7
"540184713","U.G.L. Nº 13 (Ext. Esc. Nº 970)","Bachiller en Agro y Ambiente",0
"540184801","U.G.L. Nº 14 (Ext. Esc. Nº 210)","Bachiller en Agro y Ambiente",3
"540184805","U.G.L. Nº 14 (Ext. Esc. Nº 507)","Bachiller en Agro y Ambiente",6
"540184810","U.G.L. Nº 14 (Ext. Esc. Nº 357)","Bachiller en Agro y Ambiente",5
"540184901","U.G.L. Nº 15 (Ext. Esc. Nº 23)","Bachiller en Agro y Ambiente",2
"540184903","U.G.L. Nº 15 (Ext. Esc. Nº 597)","Bachiller en Agro y Ambiente",0
"540184907","U.G.L. Nº 15 (Ext. Esc. Nº 469)","Bachiller en Agro y Ambiente",4
"540184908","U.G.L. Nº 15 (Ext. Esc. Nº 405)","Bachiller en Agro y Ambiente",0
"540184909","U.G.L. Nº 15 (Ext. Esc. Nº 534)","Bachiller en Agro y Ambiente",0
"540184910","U.G.L. Nº 15 (Ext. Esc. Nº 190)","Bachiller en Agro y Ambiente",3
"540184911","U.G.L. Nº 15 (Ext. Esc. Nº 398)","Bachiller en Agro y Ambiente",3
"540184912","U.G.L. Nº 15 (Ext. Esc. Nº 18)","Bachiller en Agro y Ambiente",0
"540184913","U.G.L. Nº 15 (Ext. Esc. Nº 531)","Bachiller en Agro y Ambiente",13
"540185500","E.P.E.T. Nº 34","Técnico en informática profesional y personal",18
"540185600","B.O.P. Nº 112","Bachiller en Economía y Administración",14
"540186700","E.P.E.T. Nº 45","Maestro mayor de obras",3
"540186800","E.P.E.T. Nº 48","Maestro mayor de obras",0
"540187000","I.E.A. Nº 16","Técnico en producción agropecuaria",3
"540187200","E.P.E.T. Nº 44","Técnico en energías renovables",13
"540187300","E.P.E.T. Nº 42","Maestro mayor de obras",5
"540187500","E.P.E.T. Nº 41","Técnico en Industrialización de la Madera y el Mueble",11
"540187600","I.E.A. Nº 14","Técnico en producción agropecuaria",13
"540187900","I.E.A. Nº 17","Técnico en producción agropecuaria",8
"540187901","Aula Sat. Nº 01:""I.E.A. Nº 17"" (Ex Aula Sat. Nº 01:""E.P.E.T. Nº 28"")","Técnico en mecanización agropecuaria",3
"540188300","E.P.E.T. Nº 51","Técnico en tecnología de los alimentos",6
"540188500","B.O.P. Nº 113 (Ex Ext. Esc. Nº 207-U.G.L. Nº 04)","Bachiller en Ciencias Sociales y Humanidades",11
"540188600","B.O.P. Nº 114 (Ex Ext. Esc. Nº 518: U.G.L. Nº 12)","Bachiller en Agro y Ambiente",16
"540190100","E.P.E.T. Nº 53","Bachiller en Informática",12
"540190301","Esc. Sec. Rural Mediada por T.I.C.(Extensión Aula Sat. Nº 01:""Esc. Nº 44"")","Bachiller en Ciencias Sociales y Humanidades",1
"540190302","Esc. Sec. Rural Mediada por T.I.C. (Extensión Esc. Nº 683:""YAKA PA'U"")","Bachiller en Ciencias Sociales y Humanidades",2
"540190303","Esc. Sec. Rural Mediada por T.I.C. (Extensión Esc. Nº 905)","Bachiller en Ciencias Sociales y Humanidades",7
"540190304","Esc. Sec. Rural Mediada por T.I.C. (Extensión Esc. Nº 938)","Bachiller en Ciencias Sociales y Humanidades",1
"540190305","Esc. Sec. Rural Mediada por T.I.C. (Extensión Esc. Nº 807"")","Bachiller en Ciencias Sociales y Humanidades",3
"540190306","Esc. Sec. Rural Mediada por T.I.C. (Extensión Esc. Nº 166:""Moisés Bertoni"")","Bachiller en Ciencias Sociales y Humanidades",3
"540190307","Esc. Sec. Rural Mediada por T.I.C. (Extensión Esc. Nº 128:""Santa Catalina"")","Bachiller en Ciencias Sociales y Humanidades",3
"540190308","Esc. Sec. Rural Mediada por T.I.C. (Extensión Esc. Nº 892)","Bachiller en Ciencias Sociales y Humanidades",1
"540190309","Esc. Sec. Rural Mediada por T.I.C. (Extensión Esc. Nº 836)","Bachiller en Ciencias Sociales y Humanidades",4
"540190310","Esc. Sec. Rural Mediada por T.I.C. (Extensión Esc. Nº 812:""Arandú""))","Bachiller en Ciencias Sociales y Humanidades",5
"540190700","B.O.P. Nº 115 (Ex Aula Sat. Nº 01:""Esc. Normal Sup. Nº 06)","Bachiller en Arte - Artes Visuales",6
"540190900","B.O.P. Nº 117: ""YRYAPU""","Bachiller en Arte - Artes Visuales",6
"540190901","Aula Sat. Nº 01: ""B.O.P. Nº 117"" (Ka aguy Porá)","Bachiller en Arte - Artes Visuales",6
"540192500","INST. ""LA BUENA SEMILLA""","Bachiller en Informática",0
"540194200","E.P.E.T. Nº 54 (Ex Aula Sat. Nº 01: ""E.P.E.T. Nº 06"")","Técnico en informática profesional y personal",11
"540196800","E.F.A. ""SAN ROQUE GONZÁLEZ""","Bachiller agrario",8
"540196900","B.O.P. Nº 122 (Ex Aula Sat. Nº 02: ""B.O.P. Nº 85"")","Bachiller en Ciencias Sociales y Humanidades",4
"540197000","ESC. SECUNDARIA DE INNOVACIÓN DE MISIONES","Bachiller en Informática",18
"540198100","B.O.P. Nº 123 (Ex Aula Sat. Nº 02: ""B.O.P. Nº 76"")","Bachiller en Agro y Ambiente",12
"540199500","ESC. NORMAL SUP. Nº 14","Bachiller en educación física",27
"540201800","INST. AGROTÉCNICO ""PALABRAS DEL ALMA""","Técnico en producción agropecuaria",0
"540201900","E.F.A. ""SAN RAFAEL ARCANGEL""","Bachiller agrario",0
"540202000","E.F.A. ""SAN PEDRO Y SAN PABLO""","Bachiller agrario",0
"540203700","INST. EDUCATIVO ""STURE ANDERSSON"" - I.E.S.A. -","Bachiller en Arte - Música",0
"540203900","INST. SUP. SALTOS DEL MOCONA","Bachiller en Ciencias Sociales y Humanidades",0
"540206200","E.F.A. ""NTRA. SEÑORA DEL ROSARIO""","Bachiller agrario",0
"540211500","B.O.P. Nº 116 (Ex Aula Sat. Nº 01: ""C.E.P. Nº 30"")","Bachiller en Agro y Ambiente",4
"549000100","ESC. AGROT. ""ELDORADO""","Técnico en producción agropecuaria",20
"549000200","LICEO NAVAL MILITAR ""ALTE. STORNI""","Bachiller en Ciencias Sociales y Humanidades",26
"549000200","LICEO NAVAL MILITAR ""ALTE. STORNI""","Bachiller en Economía y Administración",30
