"cueanexo","cuise","nombre","localidad","departamento","sector","ambito","matricula","repitentes"
"540000901","1515","Aula Sat. Nº 01: ""B.O.P. Nº 15""","LEANDRO N. ALEM","LEANDRO N. ALEM","Estatal","Urbano","133","12"
"540001200","0905","INST. EDUCATIVO ""LOS LAPACHOS""","PUERTO ESPERANZA","IGUAZU","Privado","Urbano","227","13"
"540002300","1566","ESC. DE COMERCIO Nº 14","APOSTOLES","APOSTOLES","Estatal","Urbano","108","0"
"540003800","1702","E.F.A. ""PADRE ANTONIO SEPP""","25 DE MAYO","25 DE MAYO","Privado","Rural","92","0"
"540004200","0802","INST. SUP. ""CEFERINO NAMUNCURA""","SAN VICENTE","GUARANI","Privado","Urbano","270","3"
"540005300","1829","I.E.A. Nº 03","SAN VICENTE","GUARANI","Estatal","Urbano","443","8"
"540006000","1112","INST. SUP. ""ADOLFO KOLPING""","PUERTO RICO","LIBERTADOR GRL SAN MARTIN","Privado","Urbano","119","1"
"540006200","0438","CENTRO. EDUC. ALAS Y RAICES","POSADAS","CAPITAL","Privado","Urbano","83","5"
"540007000","1107","INST. ""SAN JUAN PABLO II""","PUERTO RICO","LIBERTADOR GRL SAN MARTIN","Privado","Urbano","227","1"
"540007100","1839","I.E.A. Nº 04","LORETO","CANDELARIA","Estatal","Rural Disperso","87","13"
"540009700","1516","B.O.P. Nº 16","CAMPO RAMON","OBERA","Estatal","Rural Aglomerado","216","23"
"540011200","3503","C.E.N.S. Nº 176","POSADAS","CAPITAL","Estatal","Urbano","64","6"
"540012000","1202","INST. ADVENTISTA ""MONTECARLO""","MONTECARLO","MONTECARLO","Privado","Urbano","131","0"
"540017800","1807","B.O.P. Nº 26","COLONIA AURORA","25 DE MAYO","Estatal","Rural","144","12"
"540020300","1590","BACH. COMUN Nº 03","CMTE. ANDRES GUACURARI","GENERAL MANUEL BELGRANO","Estatal","Urbano","207","41"
"540020400","0701","INST. ADVENTISTA ""COMANDANTE ANDRESITO""","CMTE. ANDRES GUACURARI","GENERAL MANUEL BELGRANO","Privado","Urbano","101","8"
"540020500","0702","CENTRO COM. RURAL EVANG.","CMTE. ANDRES GUACURARI","GENERAL MANUEL BELGRANO","Privado","Urbano","120","3"
"540020800","0439","INST. ""SAN ALBERTO MAGNO""","POSADAS","CAPITAL","Privado","Urbano","401","2"
"540020900","1833","E.P.E.T. Nº 35 (Ex B.O.P Nº 41)","VILLA BONITA","OBERA","Estatal","Rural","213","30"
"540021800","1504","B.O.P. Nº 04","CERRO AZUL","LEANDRO N. ALEM","Estatal","Urbano","236","26"
"540022500","4012","E.P.E.T. Nº 13","SAN JAVIER","SAN JAVIER","Estatal","Urbano","242","17"
"540023600","3404","ESC. DE COMERCIO Nº 19","ELDORADO","ELDORADO","Estatal","Urbano","1048","53"
"540023900","0605","INST. ""SAN FRANCISCO DE ASIS""","ELDORADO","ELDORADO","Privado","Urbano","389","17"
"540024600","1824","B.O.P. Nº 46","ELDORADO","ELDORADO","Estatal","Urbano","292","66"
"540026900","1808","B.O.P. Nº 27","GARUHAPE","LIBERTADOR GRL SAN MARTIN","Estatal","Urbano","334","41"
"540027000","1826","B.O.P. Nº 34","GARUHAPE","LIBERTADOR GRL SAN MARTIN","Estatal","Rural Aglomerado","110","13"
"540027800","1841","E.P.E.T. Nº 38 (EX B.O.P. Nº 50)","LEANDRO N. ALEM","LEANDRO N. ALEM","Estatal","Urbano","154","17"
"540027900","1001","INST. SUP. ADVENTISTA DE MISIONES","LEANDRO N. ALEM","LEANDRO N. ALEM","Privado","Rural Aglomerado","244","3"
"540031100","1205","INST. ""CARLOS CULMEY""","MONTECARLO","MONTECARLO","Privado","Urbano","233","2"
"540032900","1567","ESC. DE COMERCIO Nº 13","ARISTOBULO DEL VALLE","CAINGUAS","Estatal","Urbano","282","27"
"540033100","1606","ESC. NORMAL SUP. Nº 06: ""LIBERTADOR GRAL. JOSE DE SAN MARTIN""","ARISTOBULO DEL VALLE","CAINGUAS","Estatal","Urbano","539","35"
"540036400","0204","INST. SUP. ""NUESTRA SEÑORA DE LOURDES""","CAMPO GRANDE","CAINGUAS","Privado","Urbano","217","5"
"540037000","1503","B.O.P. Nº 03: ""Guillermo Furlong""","CAMPO VIERA","OBERA","Estatal","Urbano","488","91"
"540037001","1503","Aula Sat. Nº 01: ""B.O.P. Nº 03""","CAMPO VIERA","OBERA","Estatal","Rural Disperso","31","4"
"540037100","0606","E.F.A. ""SAN CONRADO""","9 DE JULIO","ELDORADO","Privado","Rural Disperso","122","2"
"540040800","1837","B.O.P. Nº 43","MONTECARLO","MONTECARLO","Estatal","Rural Disperso","100","11"
"540041800","1552","ESC. DE COMERCIO Nº 02: ""INDEPENDENCIA NACIONAL""","JARDIN AMERICA","SAN IGNACIO","Estatal","Urbano","730","36"
"540041900","1404","INST. CANOSSIANO ""NTRA. SRA. DE LA SALUD""","JARDIN AMERICA","SAN IGNACIO","Privado","Urbano","295","3"
"540042300","1407","INST. INTERCULTURAL BILINGÜE ""TAJY POTY""","YACUTINGA","SAN IGNACIO","Privado","Rural Disperso","106","0"
"540044400","1594","B.O.P. Nº 18","ALBERDI","OBERA","Estatal","Rural Aglomerado","155","8"
"540045200","1506","B.O.P. Nº 06","PANAMBI","OBERA","Estatal","Rural Disperso","257","12"
"540046000","1814","BACH. PEDAG. Nº 01: ""DR. FERNANDO OLEAGA""","GUARANI","OBERA","Estatal","Rural","321","34"
"540046600","0445","INST. ""PROYECCION 2000""","POSADAS","CAPITAL","Privado","Urbano","125","0"
"540049600","1588","BACH. COMUN Nº 01 ""DE LA SOBERANIA""","SAN ANTONIO","GENERAL MANUEL BELGRANO","Estatal","Urbano","201","0"
"540050900","1308","INST. PRIV. ""DE ESTUDIOS SUPERIORES (I.P.E.T.)""","OBERA","OBERA","Privado","Urbano","118","2"
"540052400","0419","INST. ""VIRGEN DE ITATI""","POSADAS","CAPITAL","Privado","Urbano","522","21"
"540053100","1810","B.O.P. Nº 29","CARAGUATAY","MONTECARLO","Estatal","Rural Disperso","105","14"
"540053600","1595","B.O.P. Nº 08:  ""TRINCHERAS DE SAN JOSÉ""","POSADAS","CAPITAL","Estatal","Urbano","516","29"
"540054000","0424","INST. SUP. ""VERBO DIVINO""","POSADAS","CAPITAL","Privado","Urbano","506","43"
"540054300","0416","INST. ""SAN MIGUEL""","POSADAS","CAPITAL","Privado","Urbano","396","88"
"540054900","1601","ESC. NORMAL SUP. Nº 01: ""DOMINGO F.SARMIENTO""","LEANDRO N. ALEM","LEANDRO N. ALEM","Estatal","Urbano","445","102"
"540055000","1003","INST. ""SANTIAGO CANCLINI""","LEANDRO N. ALEM","LEANDRO N. ALEM","Privado","Urbano","106","2"
"540055100","1004","E.F.A. ""SANTA TERESITA""","LEANDRO N. ALEM","LEANDRO N. ALEM","Privado","Rural Aglomerado","182","0"
"540055200","4003","E.P.E.T. Nº 09","LEANDRO N. ALEM","LEANDRO N. ALEM","Estatal","Urbano","288","18"
"540055800","1582","B.O.P. Nº 22: ""Andrés Guacurarí""","PUERTO LIBERTAD","IGUAZU","Estatal","Urbano","411","90"
"540056300","1553","ESC. DE COMERCIO Nº 03: ""J.J.LANUSSE""","APOSTOLES","APOSTOLES","Estatal","Urbano","561","31"
"540056700","0103","INST. ""LA INMACULADA""","APOSTOLES","APOSTOLES","Privado","Urbano","171","0"
"540056800","0102","INST. SUP. ""CRISTO REY""","APOSTOLES","APOSTOLES","Privado","Urbano","366","0"
"540057000","4013","E.P.E.T. Nº 05: ""FRAY LUIS BELTRAN""","APOSTOLES","APOSTOLES","Estatal","Urbano","421","15"
"540057200","0105","INST. ""SANTA BARBARA""","APOSTOLES","APOSTOLES","Privado","Urbano","178","0"
"540057800","0804","E.F.A. ""ESPIRITU SANTO""","EL SOBERBIO","GUARANI","Privado","Rural Disperso","193","6"
"540058700","1813","B.O.P. Nº 32","AZARA","APOSTOLES","Estatal","Urbano","240","42"
"540059100","1581","B.O.P. Nº 21","GARUPA","CAPITAL","Estatal","Urbano","893","1"
"540059300","0428","INST. ""DON BOSCO""","POSADAS","CAPITAL","Privado","Urbano","70","3"
"540059500","1821","B.O.P. Nº 17","POSADAS","CAPITAL","Estatal","Urbano","313","36"
"540059600","1701","E.F.A. ""SANTA RITA""","ALBA POSSE","25 DE MAYO","Privado","Urbano","128","0"
"540059700","1561","ESC. DE COMERCIO Nº 11","25 DE MAYO","25 DE MAYO","Estatal","Urbano","346","30"
"540059900","1589","B.O.P. Nº 40","SANTA RITA","25 DE MAYO","Estatal","Rural","206","5"
"540059901","1589","Aula Sat. Nº 01: ""B.O.P. Nº 40""","SAN FRANCISCO DE ASIS","25 DE MAYO","Estatal","Rural Disperso","84","0"
"540059902","1589","Aula Sat. Nº 02: ""B.O.P. Nº 40""","25 DE MAYO","25 DE MAYO","Estatal","Urbano","38","2"
"540060900","1831","BACH. PEDAG. Nº 03","LEANDRO N. ALEM","LEANDRO N. ALEM","Estatal","Rural Aglomerado","234","3"
"540061000","1002","INST. SUP. ""ESPÍRITU SANTO""","LEANDRO N. ALEM","LEANDRO N. ALEM","Privado","Urbano","325","40"
"540061600","1517","ESC. NORMAL SUP. Nº 13","SAN VICENTE","GUARANI","Estatal","Urbano","479","14"
"540061700","0803","E.F.A. ""SAN VICENTE DE PAUL""","SAN VICENTE","GUARANI","Privado","Rural Disperso","191","4"
"540061800","1565","ESC. DE COMERCIO Nº 15","SAN VICENTE","GUARANI","Estatal","Urbano","173","52"
"540061900","1562","ESC. NORMAL SUP. Nº 10: ""SAN ANTONIO"" (ANEXO COMERCIAL)","POSADAS","CAPITAL","Estatal","Urbano","412","48"
"540062100","4004","E.P.E.T. Nº 01: ""UNESCO""","POSADAS","CAPITAL","Estatal","Urbano","1080","38"
"540062200","1101","INST. ""SAN ALBERTO MAGNO""","PUERTO RICO","LIBERTADOR GRL SAN MARTIN","Privado","Urbano","274","15"
"540062400","4005","E.P.E.T. Nº 10","PUERTO RICO","LIBERTADOR GRL SAN MARTIN","Estatal","Urbano","517","65"
"540062700","0429","CENTRO EDUCATIVO INTEGRAL ""SAN JORGE""","POSADAS","CAPITAL","Privado","Urbano","121","13"
"540062800","0426","INST. ""SAN IGNACIO DE LOYOLA""","POSADAS","CAPITAL","Privado","Urbano","103","7"
"540063500","0427","I.P.E.S.M.I.","POSADAS","CAPITAL","Privado","Urbano","197","1"
"540063600","0402","INST. SUP. ""ROQUE GONZALEZ""","POSADAS","CAPITAL","Privado","Urbano","758","16"
"540063700","3402","COLEGIO Nº 01: ""MARTÍN DE MOUSSY""","POSADAS","CAPITAL","Estatal","Urbano","1072","101"
"540064000","1603","ESC. NORMAL SUP. Nº 03: ""JOSE M. ESTRADA""","PUERTO RICO","LIBERTADOR GRL SAN MARTIN","Estatal","Urbano","510","65"
"540064100","1560","ESC. DE COMERCIO Nº 10","SANTA ANA","CANDELARIA","Estatal","Urbano","514","52"
"540064200","1505","B.O.P. Nº 05: ""JUAN MARTIN DE PUEYRREDON""","CANDELARIA","CANDELARIA","Estatal","Urbano","649","98"
"540064700","4006","E.P.E.T. Nº 04: ""O.E.A""","PUERTO IGUAZU","IGUAZU","Estatal","Urbano","543","5"
"540064800","0906","INST. SUP. ""SAGRADA FAMILIA""","PUERTO IGUAZU","IGUAZU","Privado","Urbano","279","7"
"540065400","1801","B.O.P. Nº 23 ""Demetrio Koropeski""","PUERTO IGUAZU","IGUAZU","Estatal","Urbano","521","147"
"540065700","1608","ESC. NORMAL SUP. Nº 08 ""REMEDIOS ESCALADA DE SAN MARTÍN""","PUERTO IGUAZU","IGUAZU","Estatal","Urbano","723","81"
"540066200","1580","ESC. DE COMERCIO Nº 08: ""GRANADERO LORENZO NAPUREY""","POSADAS","CAPITAL","Estatal","Urbano","798","91"
"540066900","1593","ESC. NORMAL SUP. Nº 11","ELDORADO","ELDORADO","Estatal","Urbano","724","188"
"540067000","0902","INST. ADVENTISTA ""PUERTO IGUAZÚ""","PUERTO IGUAZU","IGUAZU","Privado","Urbano","253","2"
"540067700","1518","B.O.P. Nº 38","EL SOBERBIO","GUARANI","Estatal","Urbano","341","27"
"540068800","1556","ESC. DE COMERCIO Nº 06 ""MARIANO MORENO""","POSADAS","CAPITAL","Estatal","Urbano","899","36"
"540069200","1838","C.E.P. Nº 04","POSADAS","CAPITAL","Estatal","Urbano","956","1"
"540070100","1811","B.O.P. Nº 30","MONTECARLO","MONTECARLO","Estatal","Rural Disperso","87","44"
"540070700","3702","ESC. NORMAL SUP. ""EE.UU. DEL BRASIL""","POSADAS","CAPITAL","Estatal","Urbano","507","71"
"540070800","4001","E.P.E.T. Nº 03: ""POLONIA""","OBERA","OBERA","Estatal","Urbano","746","10"
"540070900","1551","ESC. DE COMERCIO Nº 01: ""SANTIAGO DE LINIERS""","OBERA","OBERA","Estatal","Urbano","408","83"
"540071100","4002","E.P.E.T. Nº 06","ELDORADO","ELDORADO","Estatal","Urbano","757","39"
"540072000","0411","INST. ""JOSE M. ESTRADA""","POSADAS","CAPITAL","Privado","Urbano","178","0"
"540072600","1520","B.O.P. Nº 20","ESPERANZA","IGUAZU","Estatal","Urbano","436","58"
"540073200","1554","ESC. NORMAL SUP. Nº 09: ""JUAN XXIII"" (ANEXO COMERCIAL)","WANDA","IGUAZU","Estatal","Urbano","564","69"
"540073700","0412","INST. BACHILLERATO HUMANISTA ""MONSEÑOR JORGE KEMERER""","POSADAS","CAPITAL","Privado","Urbano","340","5"
"540073800","0403","INST. ""POSADAS""","POSADAS","CAPITAL","Privado","Urbano","310","15"
"540073900","0407","INST. SUP. ""PEDRO GOYENA""","POSADAS","CAPITAL","Privado","Urbano","349","5"
"540074100","1501","B.O.P. Nº 01","POSADAS","CAPITAL","Estatal","Urbano","730","84"
"540074300","0409","INST. ""INMACULADA CONCEPCION""","POSADAS","CAPITAL","Privado","Urbano","404","4"
"540074400","0415","INST. PRIV. ""SAN BASILIO MAGNO""","POSADAS","CAPITAL","Privado","Urbano","624","3"
"540074500","0408","INST. SUP. ""SANTA CATALINA""","POSADAS","CAPITAL","Privado","Urbano","950","0"
"540075300","1834","B.O.P. Nº 42: ""IVONNE PIERRON""","PUEBLO ILLIA","CAINGUAS","Estatal","Rural Aglomerado","116","25"
"540075400","1507","B.O.P. Nº 07","DOS DE MAYO NUCLEO I","CAINGUAS","Estatal","Urbano","257","6"
"540076500","1510","I.E.A. Nº 01","BONPLAND","CANDELARIA","Estatal","Rural Disperso","228","3"
"540078100","0704","E.F.A. ""STA. MARIA GORETTI""","CMTE. ANDRES GUACURARI","GENERAL MANUEL BELGRANO","Privado","Urbano","186","4"
"540078200","0703","INST. ""PQUIAL SAN ANDRÉS""","CMTE. ANDRES GUACURARI","GENERAL MANUEL BELGRANO","Privado","Urbano","96","0"
"540078800","3403","COLEGIO Nº 02: ""MANUEL BELGRANO""","POSADAS","CAPITAL","Estatal","Urbano","355","5"
"540078900","3405","ESC. DE COMERCIO Nº 18: ""LIBERTADOR GENERAL DON JOSÉ DE SAN MARTIN""","POSADAS","CAPITAL","Estatal","Urbano","585","53"
"540079000","1591","B.O.P. Nº 14","CORPUS","SAN IGNACIO","Estatal","Urbano","203","6"
"540079600","1405","E.F.A. ""SAN IGNACIO DE LOYOLA""","SAN IGNACIO","SAN IGNACIO","Privado","Rural Aglomerado","101","13"
"540079800","1805","B.O.P. Nº 35","GARUPA","CAPITAL","Estatal","Urbano","581","106"
"540080100","1802","B.O.P. Nº 24","ELDORADO","ELDORADO","Estatal","Urbano","259","160"
"540080500","0414","INST. ADVENTISTA ""ALTA GRACIA""","POSADAS","CAPITAL","Privado","Urbano","210","2"
"540081200","1828","B.O.P. Nº 36","POSADAS","CAPITAL","Estatal","Urbano","421","43"
"540082800","1585","B.A.P.A.Y.C.","POSADAS","CAPITAL","Estatal","Urbano","150","0"
"540083500","4009","E.P.E.T. Nº 12","SAN IGNACIO","SAN IGNACIO","Estatal","Urbano","244","18"
"540083600","1605","ESC. NORMAL SUP. Nº 05: ""FRAY MAMERTO ESQUIU""","SAN IGNACIO","SAN IGNACIO","Estatal","Urbano","478","47"
"540085100","1836","B.O.P. Nº 44","GOBERNADOR ROCA","SAN IGNACIO","Estatal","Urbano","167","8"
"540086800","3701","ESC. NORMAL SUP. ""MARIANO MORENO""","APOSTOLES","APOSTOLES","Estatal","Urbano","343","25"
"540086900","1555","ESC. DE COMERCIO Nº 05","SAN JAVIER","SAN JAVIER","Estatal","Urbano","730","72"
"540087500","1819","BACH. COMUN Nº 08","MOJON GRANDE","SAN JAVIER","Estatal","Urbano","91","12"
"540088000","1519","B.O.P. Nº 19: ""GRAL.MANUEL DE ROSAS""","EL ALCAZAR","LIBERTADOR GRL SAN MARTIN","Estatal","Rural Aglomerado","186","15"
"540088200","1208","INST. ""NTRA. SRA. DE LOS MILAGROS""","PUERTO PIRAY","MONTECARLO","Privado","Urbano","237","37"
"540088400","1651","E.P.E.T. Nº 15: ""CELULOSA ARGENTINA""","PUERTO PIRAY","MONTECARLO","Estatal","Urbano","348","50"
"540089200","1803","B.O.P. Nº 25","PUERTO LEONI","LIBERTADOR GRL SAN MARTIN","Estatal","Rural Disperso","125","22"
"540090500","1102","INST. ""NTRA. SRA. DE ITATI""","CAPIOVI","LIBERTADOR GRL SAN MARTIN","Privado","Urbano","98","3"
"540090600","4010","E.P.E.T. Nº 14","CAPIOVI","LIBERTADOR GRL SAN MARTIN","Estatal","Urbano","229","32"
"540090800","1108","E.F.A. ""SAN WENDELINO""","CAPIOVI","LIBERTADOR GRL SAN MARTIN","Privado","Rural Disperso","156","2"
"540091300","1598","I.E.A. Nº 02","SAN PEDRO","SAN PEDRO","Estatal","Urbano","200","4"
"540091600","1601","INST. ""SAN FRANCISCO""","SAN PEDRO","SAN PEDRO","Privado","Urbano","154","2"
"540091700","1602","E.F.A. ""SAN PEDRO""","SAN PEDRO","SAN PEDRO","Privado","Rural Disperso","160","1"
"540091800","1599","ESC. DE COMERCIO Nº 17","SAN PEDRO","SAN PEDRO","Estatal","Urbano","425","32"
"540092700","4008","E.P.E.T. Nº 08","SALTO ENCANTADO","CAINGUAS","Estatal","Urbano","348","12"
"540092800","0205","E.F.A. ""SAN BONIFACIO""","ARISTOBULO DEL VALLE","CAINGUAS","Privado","Rural Aglomerado","114","0"
"540094100","1559","ESC. NORMAL SUP. Nº 12","BERNARDO DE IRIGOYEN","GENERAL MANUEL BELGRANO","Estatal","Urbano","351","16"
"540094600","1815","B.O.P. Nº 91 (Ex C. Basico  Nº 7)","DOS HERMANAS","GENERAL MANUEL BELGRANO","Estatal","Urbano","235","24"
"540095000","1812","B.O.P. Nº 31","LOS HELECHOS","OBERA","Estatal","Rural Disperso","206","18"
"540095300","1511","B.O.P. Nº 11: ""MARTIN M. DE GÜEMES""","CAMPO GRANDE","CAINGUAS","Estatal","Urbano","274","0"
"540095600","0207","INST. SUP. ""BELÉN""","CAMPO GRANDE","CAINGUAS","Privado","Urbano","172","0"
"540096300","0601","INST. SUP. ""SAN JOSE""","ELDORADO","ELDORADO","Privado","Urbano","318","5"
"540096400","1830","BACH. PEDAG. Nº 04","9 DE JULIO","ELDORADO","Estatal","Urbano","265","19"
"540096600","1809","B.O.P. Nº 28","PUERTO DELICIA","ELDORADO","Estatal","Urbano","291","11"
"540097200","0602","INST. FAMILIAR ""GUMERCINDO ESQUIVEL""","ELDORADO","ELDORADO","Privado","Urbano","506","35"
"540097400","1840","B.O.P. Nº 48","COLONIA VICTORIA","ELDORADO","Estatal","Rural Disperso","114","0"
"540098100","1816","B.O.P. Nº 39","FRACRAN","GUARANI","Estatal","Rural Disperso","233","50"
"540098700","1203","INST. ""MADRE TERESA MICHEL""","MONTECARLO","MONTECARLO","Privado","Urbano","149","5"
"540098800","4011","E.P.E.T. Nº 11","MONTECARLO","MONTECARLO","Estatal","Urbano","224","3"
"540099100","1602","ESC. NORMAL SUP. Nº 02: ""MANUEL BELGRANO""","MONTECARLO","MONTECARLO","Estatal","Urbano","630","97"
"540099800","4007","E.P.E.T. Nº 07","JARDIN AMERICA","SAN IGNACIO","Estatal","Urbano","616","23"
"540100300","1401","INST. ""NTRA. SRA. DE FATIMA""","GOBERNADOR ROCA","SAN IGNACIO","Privado","Urbano","123","0"
"540101200","1557","ESC. DE COMERCIO Nº 07","SANTO PIPO","SAN IGNACIO","Estatal","Urbano","243","26"
"540101400","1817","B.O.P. Nº 33","GENERAL URQUIZA","SAN IGNACIO","Estatal","Rural Disperso","73","11"
"540101600","1825","BACH. PEDAG. Nº 02: ""JOSE M. ESTRADA""","HIPOLITO YRIGOYEN","SAN IGNACIO","Estatal","Rural Disperso","134","1"
"540102000","1818","B.O.P. Nº 02","SAN MARTIN","OBERA","Estatal","Urbano","120","1"
"540103600","1832","B.O.P. Nº 45","JARDIN AMERICA","SAN IGNACIO","Estatal","Urbano","289","62"
"540104100","1804","BACH. COMUN Nº 05","ITACARUARE","SAN JAVIER","Estatal","Rural Aglomerado","208","16"
"540104400","4030","E.P.E.T. Nº 02: ""CLOTILDE M.G.DE FERNANDEZ""","POSADAS","CAPITAL","Estatal","Urbano","627","16"
"540104500","1509","B.O.P. Nº 09","POSADAS","CAPITAL","Estatal","Urbano","291","37"
"540104700","0405","INST. SUP. ""ESPÍRITU SANTO""","POSADAS","CAPITAL","Privado","Urbano","172","0"
"540105300","0410","INST. ""MADRE DE LA MISERICORDIA""","POSADAS","CAPITAL","Privado","Urbano","638","0"
"540105400","0401","INST. SUP. ""SANTA MARIA""","POSADAS","CAPITAL","Privado","Urbano","659","1"
"540105600","0406","INST. ADVENTISTA ""MARIANO MORENO""","POSADAS","CAPITAL","Privado","Urbano","141","4"
"540106600","3601","ESC. AGROT. ""SAN ANTONIO""","FORESTAL (SAN ANTONIO)","GENERAL MANUEL BELGRANO","Estatal","Rural Aglomerado","127","0"
"540106601","3601","Aula Sat. Nº 01: ""ESC. AGROT. SAN ANTONIO""","SAN ANTONIO","GENERAL MANUEL BELGRANO","Estatal","Rural","16","0"
"540106800","0104","INST. ""SAN JOSAFAT""","APOSTOLES","APOSTOLES","Privado","Urbano","431","4"
"540106900","1512","B.O.P. Nº 12","SAN JOSE","APOSTOLES","Estatal","Urbano","413","43"
"540107000","0101","INST. AGROTÉCNICO SALESIANO ""PASCUAL GENTILINI""","SAN JOSE","APOSTOLES","Privado","Rural Disperso","179","0"
"540107100","0418","INST. POLITÉCNICO ""SAN ARNOLDO JANSSEN""","POSADAS","CAPITAL","Privado","Urbano","924","10"
"540107700","1104","INST. ""LINEA CUCHILLA""","RUIZ DE MONTOYA","LIBERTADOR GRL SAN MARTIN","Privado","Urbano","480","17"
"540108000","3401","COLEGIO AMADEO BONPLAND","OBERA","OBERA","Estatal","Urbano","733","16"
"540108100","3901","CENTRO POLIVALENTE DE ARTE","OBERA","OBERA","Estatal","Urbano","203","1"
"540108200","0501","E.F.A. ""CONCEPCIÓN DE LA VIRGEN MARÍA""","COLONIA SANTA MARIA","CONCEPCION","Privado","Rural Disperso","116","2"
"540108600","1607","ESC. NORMAL SUP. Nº 07","CONCEPCION DE LA SIERRA","CONCEPCION","Estatal","Urbano","450","56"
"540108700","1307","INST. PRIV. ""EMMANUEL""","OBERA","OBERA","Privado","Urbano","156","2"
"540109500","1303","INST. ""CONCORDIA""","OBERA","OBERA","Privado","Urbano","311","1"
"540109600","1827","B.O.P. Nº 37","PUERTO PIRAY","MONTECARLO","Estatal","Urbano","248","34"
"540109800","0603","INST. ""HINDENBURG""","ELDORADO","ELDORADO","Privado","Urbano","189","0"
"540109900","1304","INST.PRIV. S.O.S. ""HERMANN GMEINER""","OBERA","OBERA","Privado","Urbano","300","10"
"540110300","1302","INST. ""CARLOS LINNEO""","OBERA","OBERA","Privado","Urbano","336","14"
"540110400","1604","ESC. NORMAL SUP. Nº 04: ""NICOLAS AVELLANEDA""","OBERA","OBERA","Estatal","Urbano","732","78"
"540112000","0437","INST. SUP. ""COLEGIO DEL CARMEN""","POSADAS","CAPITAL","Privado","Urbano","230","1"
"540112100","0206","INST. ""SAN PABLO""","DOS DE MAYO NUCLEO I","CAINGUAS","Privado","Urbano","162","1"
"540112200","0446","INST. SUP. ""JESUS DE NAZARETH""","POSADAS","CAPITAL","Privado","Urbano","562","0"
"540112300","1820","B.O.P. Nº 10: ""WENCESLAO HUGO ROQUE AMABLE""","OBERA","OBERA","Estatal","Urbano","315","23"
"540113300","0903","INST. ""NTRA. SRA. DEL IGUAZÚ""","WANDA","IGUAZU","Privado","Urbano","273","2"
"540114600","0441","INST. ""GUTENBERG""","POSADAS","CAPITAL","Privado","Urbano","121","0"
"540114900","0444","INST. ""JESUS NIÑO""","POSADAS","CAPITAL","Privado","Urbano","287","11"
"540115100","0907","INST. ""SAN LUCAS"" ","PUERTO IGUAZU","IGUAZU","Privado","Urbano","145","0"
"540115200","0908","INST. ""CRECER""","PUERTO IGUAZU","IGUAZU","Privado","Urbano","160","7"
"540115300","0910","COLEGIO ARGENTINO AMERICANO","PUERTO IGUAZU","IGUAZU","Privado","Urbano","136","6"
"540116200","0911","INST. ""JESÚS SACRAMENTADO""","PUERTO LIBERTAD","IGUAZU","Privado","Urbano","15","0"
"540116700","1409","INST. AGROTÉCNICO ""JARDÍN AMÉRICA"" (Ex E.F.A.:""Cristo Redentor"")","JARDIN AMERICA","SAN IGNACIO","Privado","Urbano","111","10"
"540116800","0706","E.F.A. ""SAN BERNARDO""","BERNARDO DE IRIGOYEN","GENERAL MANUEL BELGRANO","Privado","Rural Disperso","123","2"
"540116900","0705","INST. EVANGÉLICO BAUTISTA ""BELEN""","CMTE. ANDRES GUACURARI","GENERAL MANUEL BELGRANO","Privado","Urbano","171","13"
"540117200","0449","INST. ""HORACIO QUIROGA""","POSADAS","CAPITAL","Privado","Urbano","66","0"
"540117300","0448","INST. SUP. ""COMBATE MBORORÉ""","POSADAS","CAPITAL","Privado","Urbano","268","8"
"540117600","0450","INST. CRISTIANO ""REPUBLICA ARGENTINA""","POSADAS","CAPITAL","Privado","Urbano","119","4"
"540119900","1586","E.P.E.T. Nº 37: ""BENJAMIN MATIENZO"" (EX E.P.I.P.A.)","POSADAS","CAPITAL","Estatal","Urbano","139","3"
"540122200","0455","INST. PRIV. ""GENESIS""","POSADAS","CAPITAL","Privado","Urbano","105","0"
"540124200","1851","B.O.P. Nº 51","FLORENTINO AMEGHINO","SAN JAVIER","Estatal","Rural Aglomerado","165","9"
"540125300","1822","C.E.P. Nº 01","POSADAS","CAPITAL","Estatal","Urbano","495","90"
"540126100","0208","INST. ""DIEGO THOMSON""","ARISTOBULO DEL VALLE","CAINGUAS","Privado","Urbano","75","11"
"540126200","0209","E.F.A. ""JESUS DE GALILEA""","DOS DE MAYO NUCLEO I","CAINGUAS","Privado","Rural Disperso","104","11"
"540126700","0915","ITEC IGUAZU","PUERTO IGUAZU","IGUAZU","Privado","Urbano","496","22"
"540126800","1008","ITEC ALEM","LEANDRO N. ALEM","LEANDRO N. ALEM","Privado","Urbano","128","3"
"540128400","1410","INST. DE ARTE ""LEONARDO DAVINCI""","SAN IGNACIO","SAN IGNACIO","Privado","Urbano","86","4"
"540128700","1570","C.E.P. Nº 05","POSADAS","CAPITAL","Estatal","Urbano","424","57"
"540128800","0459","INST. SUP. ""LISANDRO DE LA TORRE""","POSADAS","CAPITAL","Privado","Urbano","275","66"
"540129500","1571","C.E.P. Nº 06","GARUPA","CAPITAL","Estatal","Urbano","384","95"
"540129600","0106","INST. SUP. ""SAN AGUSTIN""","APOSTOLES","APOSTOLES","Privado","Urbano","122","6"
"540130600","1312","INST. ""SAN JUAN PABLO II""","OBERA","OBERA","Privado","Urbano","326","5"
"540130800","0463","INST. ""NTRA. SRA. DE FÁTIMA""","GARUPA","CAPITAL","Privado","Urbano","217","30"
"540130900","0464","E.F.A. ""SAN CRISTOBAL""","FACHINAL","CAPITAL","Privado","Rural Aglomerado","113","0"
"540131000","0916","INST. ADVENTISTA ""PUERTO ESPERANZA""","ESPERANZA","IGUAZU","Privado","Urbano","135","23"
"540131100","0917","E.F.A. ""SAN ARNOLDO JANSSEN""","ESPERANZA","IGUAZU","Privado","Rural Aglomerado","132","0"
"540131400","1210","E.F.A. ""S.J. FREINADEMETZ""","CARAGUATAY","MONTECARLO","Privado","Rural Aglomerado","119","0"
"540131401","1210","Aula Sat. Nº 01: ""E.F.A. S.J. FREINADEMETZ""","MONTECARLO","MONTECARLO","Privado","Rural Aglomerado","93","0"
"540131700","1842","C.E.P. Nº 03 ","GARUPA","CAPITAL","Estatal","Rural Aglomerado","447","35"
"540132500","1572","E.P.E.T. Nº 36 (EX C.E.P. Nº 07)","POSADAS","CAPITAL","Estatal","Urbano","776","72"
"540132700","1573","C.E.P. Nº 08","OBERA","OBERA","Estatal","Urbano","239","33"
"540133100","1574","E.P.E.T. Nº 46 (Ex. C.E.P. Nº 09)","CERRO CORA","CANDELARIA","Estatal","Rural Aglomerado","117","0"
"540133700","1855","C.E.P. Nº 11","GARUPA","CAPITAL","Estatal","Urbano","447","87"
"540133800","1703","E.F.A. ""SANTISIMA TRINIDAD""","COLONIA ALICIA ALTA","25 DE MAYO","Privado","Rural Aglomerado","211","2"
"540135600","1313","E.F.A. ""CRISTO REY DE TAMANDUÁ""","LOS HELECHOS","OBERA","Privado","Rural Disperso","189","0"
"540136200","1857","C.E.P. Nº 13: ""JUAN CARLOS PIREZ""","COLONIA AURORA","25 DE MAYO","Estatal","Rural Disperso","70","1"
"540136500","1858","C.E.P. Nº 14","25 DE MAYO","25 DE MAYO","Estatal","Rural Disperso","61","2"
"540136501","1858","Aula Sat. Nº 01: ""C.E.P. Nº 14""","25 DE MAYO","25 DE MAYO","Estatal","Rural","59","0"
"540137600","4014","E.P.E.T. Nº 16","DOS DE MAYO NUCLEO I","CAINGUAS","Estatal","Urbano","234","13"
"540137800","1856","C.E.P. Nº 12","DOS ARROYOS","LEANDRO N. ALEM","Estatal","Rural Aglomerado","56","5"
"540137900","0301","INST. ""NUESTRA SEÑORA DE CANDELARIA""","CANDELARIA","CANDELARIA","Privado","Urbano","159","0"
"540139500","1864","C.E.P. Nº 20","POSADAS","CAPITAL","Estatal","Urbano","162","9"
"540139600","4015","E.P.E.T. Nº 17","MONTECARLO","MONTECARLO","Estatal","Urbano","229","6"
"540139800","1870","C.E.P. Nº 26","POSADAS","CAPITAL","Estatal","Urbano","101","1"
"540140000","1860","C.E.P. Nº 16","ELDORADO","ELDORADO","Estatal","Urbano","482","29"
"540140100","1862","C.E.P. Nº 18","OBERA","OBERA","Estatal","Urbano","219","17"
"540140200","1868","I.E.A. Nº 18 (Ex C.E.P. Nº 24)","PUERTO RICO","LIBERTADOR GRL SAN MARTIN","Estatal","Urbano","153","23"
"540140400","1865","C.E.P. Nº 21","LEANDRO N. ALEM","LEANDRO N. ALEM","Estatal","Urbano","300","22"
"540140500","1866","C.E.P. Nº 22","SAN IGNACIO","SAN IGNACIO","Estatal","Rural Aglomerado","56","2"
"540140700","1869","C.E.P. Nº 25","POSADAS","CAPITAL","Estatal","Urbano","251","78"
"540140800","1871","C.E.P. Nº 27","SALTO ENCANTADO","CAINGUAS","Estatal","Urbano","255","10"
"540140900","1872","C.E.P. Nº 28","SAN VICENTE","GUARANI","Estatal","Urbano","364","33"
"540141000","1873","C.E.P. Nº 29","ARROYO DEL MEDIO","LEANDRO N. ALEM","Estatal","Urbano","128","10"
"540141100","1874","C.E.P. Nº 30","RUIZ DE MONTOYA","LIBERTADOR GRL SAN MARTIN","Estatal","Rural Aglomerado","106","10"
"540141200","1875","C.E.P. Nº 31","PROFUNDIDAD","CANDELARIA","Estatal","Rural Disperso","59","14"
"540141400","4018","E.P.E.T. Nº 18","ESPERANZA","IGUAZU","Estatal","Urbano","404","2"
"540141500","4019","E.P.E.T. Nº 19","SANTA ANA","CANDELARIA","Estatal","Rural Aglomerado","133","0"
"540143600","0469","INST. SUP. ""MULTIVERSIDAD POPULAR""","POSADAS","CAPITAL","Privado","Urbano","57","0"
"540148100","4022","E.P.E.T. Nº 22 (Ex Aula Sat. Nº 01: ""BACH. PEDAG. Nº 04(1830)"")","SANTIAGO DE LINIERS","ELDORADO","Estatal","Rural Aglomerado","65","8"
"540148200","1894","B.O.P. Nº 93 (Ex C. Basico  Nº 09)","TRES CAPONES","APOSTOLES","Estatal","Rural Aglomerado","83","13"
"540148300","1893","C.E.P. Nº 38","JARDIN AMERICA","SAN IGNACIO","Estatal","Urbano","155","37"
"540148400","1892","B.O.P. Nº 95 (Ex C. Basico  Nº 11)","LORETO","CANDELARIA","Estatal","Rural Aglomerado","61","9"
"540148500","1881","C.E.P. Nº 36","POSADAS","CAPITAL","Estatal","Urbano","356","5"
"540148600","1885","B.O.P. Nº 86 (Ex C. Basico  Nº 02)","GARUPA","CAPITAL","Estatal","Urbano","422","67"
"540148700","1884","B.O.P. Nº 85 (Ex C. Basico  Nº 01)","POSADAS","CAPITAL","Estatal","Urbano","371","3"
"540148701","1884","Aula Sat. Nº 01: ""B.O.P. Nº 85""","SAN ISIDRO","CAPITAL","Estatal","Urbano","63","0"
"540148800","1886","B.O.P. Nº 88 (Ex C. Basico  Nº 04)","ELDORADO","ELDORADO","Estatal","Rural Aglomerado","131","24"
"540148900","1882","B.O.P. Nº 89 (Ex C. Basico  Nº 05)","PUERTO IGUAZU","IGUAZU","Estatal","Urbano","395","17"
"540149000","1883","B.O.P. Nº 96 (Ex C. Basico  Nº 12)","SAN VICENTE","GUARANI","Estatal","Rural Disperso","288","2"
"540149100","1887","B.O.P. Nº 94 (Ex C. Basico  Nº 10)","MONTECARLO","MONTECARLO","Estatal","Urbano","300","71"
"540149200","1888","C.E.P. Nº 37 (Ex Aula Sat. ""I.E.A. Nº 02"")","TOBUNA","SAN PEDRO","Estatal","Rural Aglomerado","103","12"
"540149300","1890","C.E.P. Nº 35","GENERAL URQUIZA","SAN IGNACIO","Estatal","Urbano","109","2"
"540149400","4020","E.P.E.T. Nº 20","SAN PEDRO","SAN PEDRO","Estatal","Rural Aglomerado","116","9"
"540149500","4021","E.P.E.T. Nº 21","SAN VICENTE","GUARANI","Estatal","Urbano","311","3"
"540149600","4023","E.P.E.T. Nº 23","CONCEPCION DE LA SIERRA","CONCEPCION","Estatal","Rural Aglomerado","211","5"
"540149800","1895","B.O.P. Nº 99 (Ex C. Basico  Nº 15)","PUERTO PIRAY","MONTECARLO","Estatal","Rural Disperso","85","17"
"540149900","1889","B.O.P. Nº 92 (Ex C. Basico  Nº 08)","CMTE. ANDRES GUACURARI","GENERAL MANUEL BELGRANO","Estatal","Urbano","138","0"
"540150000","2509","C.E.P. Nº 39 (Ex Aula Sat. ""B.O.L.P. Nº 18"")","GENERAL ALVEAR","OBERA","Estatal","Rural Aglomerado","107","5"
"540150100","2500","C.E.P. Nº 40 (Ex Aula Sat. Nº 03: ""I.E.A. Nº 02"")","SAN PEDRO","SAN PEDRO","Estatal","Rural Aglomerado","285","25"
"540150200","1899","C.E.P. Nº 42","ALMAFUERTE","LEANDRO N. ALEM","Estatal","Rural Aglomerado","66","15"
"540150201","1899","Aula Sat. Nº 01: ""C.E.P. Nº 42""","ALMAFUERTE","LEANDRO N. ALEM","Estatal","Rural Disperso","102","9"
"540150300","2501","C.E.P. Nº 43","OLEGARIO V. ANDRADE","LEANDRO N. ALEM","Estatal","Rural Aglomerado","109","7"
"540150400","1898","B.O.P. Nº 100 (Ex C. Basico Nº 16)","SAN IGNACIO","SAN IGNACIO","Estatal","Urbano","232","11"
"540150500","1891","B.O.P. Nº 87 (Ex C. Básico  Nº 03)","WANDA","IGUAZU","Estatal","Urbano","316","76"
"540150600","2502","B.O.P. Nº 90 (Ex C. Basico  Nº 06)","CAA YARI","LEANDRO N. ALEM","Estatal","Rural Aglomerado","57","5"
"540150700","1897","B.O.P. Nº 98 (Ex C. Basico  Nº 14)","PUERTO ESPERANZA","IGUAZU","Estatal","Rural Aglomerado","326","63"
"540150900","2508","B.O.P. Nº 102","POSADAS","CAPITAL","Estatal","Rural Aglomerado","54","8"
"540151300","1896","B.O.P. Nº 101 (Ex C. Basico Nº 17)","SANTO PIPO","SAN IGNACIO","Estatal","Urbano","144","3"
"540151400","2503","B.O.P. Nº 97 (Ex C. Basico  Nº 13)","SAN VICENTE","GUARANI","Estatal","Urbano","312","8"
"540151500","2506","C.E.P. Nº 41 (Ex Aula Sat. Nº 02: ""B.O.L.P. Nº 03"")","CAMPO VIERA","OBERA","Estatal","Rural Disperso","68","0"
"540151600","2505","C.E.P. Nº 44 (Ex Aula Sat. ""B.O.L.P. Nº 10"")","OBERA","OBERA","Estatal","Urbano","177","50"
"540151700","2507","C.E.P. Nº 45","GOBERNADOR LOPEZ","LEANDRO N. ALEM","Estatal","Rural Disperso","127","11"
"540152400","2510","C.E.P. Nº 49","ELDORADO","ELDORADO","Estatal","Urbano","147","2"
"540152500","2511","C.E.P. Nº 47","JARDIN AMERICA","SAN IGNACIO","Estatal","Rural","79","30"
"540152600","4024","E.P.E.T. Nº 24 (Ex C.E.P. Nº 10)","CMTE. ANDRES GUACURARI","GENERAL MANUEL BELGRANO","Estatal","Rural Disperso","103","6"
"540153900","2513","C.E.P. Nº 19 (Ex Aula Sat. Nº 02: ""B.O.L.P. Nº 16"")","CAMPO RAMON","OBERA","Estatal","Rural Disperso","40","1"
"540154200","2515","C.E.P. Nº 46 (Ex Aula Sat. Nº 01: ""B.O.P. Nº 10"")","OBERA","OBERA","Estatal","Urbano","134","35"
"540154800","0478","INST. ""UNIVERSO""","POSADAS","CAPITAL","Privado","Urbano","169","3"
"540155000","0480","INST. SUP. ""YABOTI""","GARUPA","CAPITAL","Privado","Urbano","216","12"
"540155200","2517","B.O.P. Nº 104 (Ex C. Basico Nº 20)","SAN PEDRO","SAN PEDRO","Estatal","Rural Disperso","219","13"
"540155300","2525","B.O.P. Nº 105 (Ex C. Basico Nº 21)","OBERA","OBERA","Estatal","Urbano","77","4"
"540155400","2521","C.E.P. Nº 55","COLONIA CARAGUATAY","MONTECARLO","Estatal","Rural Aglomerado","135","11"
"540155500","2514","C.E.P. Nº 51 (Ex Aula Sat. Nº 03: ""B.O.L.P. Nº 03"")","ALBERDI","OBERA","Estatal","Urbano","60","4"
"540155700","4025","E.P.E.T. Nº 25","CAMPO GRANDE","CAINGUAS","Estatal","Urbano","233","8"
"540155800","2528","B.O.P. Nº 107 (Ex C. Basico Nº 23)","SANTA MARIA","CONCEPCION","Estatal","Rural Aglomerado","88","8"
"540156100","2522","C.E.P. Nº 57","POSADAS","CAPITAL","Estatal","Urbano","299","34"
"540156200","4026","E.P.E.T. Nº 26","BERNARDO DE IRIGOYEN","GENERAL MANUEL BELGRANO","Estatal","Urbano","154","15"
"540156300","2524","C.E.P. Nº 54","ALBA POSSE","25 DE MAYO","Estatal","Rural Aglomerado","76","5"
"540156500","2519","B.O.P. Nº 103 (Ex C. Basico Nº 19)","COLONIA POLANA","SAN IGNACIO","Estatal","Rural Aglomerado","44","8"
"540156800","2526","C.E.P. Nº 56","OBERA","OBERA","Estatal","Urbano","204","29"
"540157600","2516","C.E.P. Nº 52 (Ex Aula Sat. ""BOLP Nº 28"")","PUERTO DELICIA","ELDORADO","Estatal","Rural Disperso","115","1"
"540158400","4027","E.P.E.T. Nº 27","COLONIA EL ALCAZAR","LIBERTADOR GRL SAN MARTIN","Estatal","Urbano","109","7"
"540158500","2532","C.E.P. Nº 61 (Ex Aula Sat. Nº 02: ""B.O.L.P. 31"")","OBERA","OBERA","Estatal","Rural Disperso","61","0"
"540158600","2527","B.O.P. Nº 106 (Ex C. Basico Nº 22)","PUERTO IGUAZU","IGUAZU","Estatal","Rural Aglomerado","459","45"
"540159100","2520","C.E.P. Nº 50","GOBERNADOR ROCA","SAN IGNACIO","Estatal","Rural Aglomerado","64","16"
"540159800","2535","C.E.P. Nº 10 (Ex Aula Sat. ""C.E.P. Nº 15"")","EL ALCAZAR","LIBERTADOR GRL SAN MARTIN","Estatal","Rural Aglomerado","49","5"
"540161100","2537","C.E.P. Nº 64","POSADAS","CAPITAL","Estatal","Urbano","66","6"
"540161700","2539","C.E.P. Nº 63 (Ex Aula Sat. Nº 01: ""B.O.L.P. 16"")","CAMPO RAMON","OBERA","Estatal","Rural Disperso","41","2"
"540161900","0107","E.F.A. ""SAN ANTONIO""","AZARA","APOSTOLES","Privado","Rural Disperso","139","0"
"540163400","4031","E.P.E.T. Nº 30","SAN JOSE","APOSTOLES","Estatal","Urbano","147","28"
"540163500","2542","B.O.P. Nº 56","SIETE ESTRELLAS","SAN PEDRO","Estatal","Rural Disperso","105","6"
"540163700","2544","B.O.P. Nº 61","EXPANSION DE POSADAS","CAPITAL","Estatal","Urbano","482","55"
"540163800","2556","B.O.P. Nº 54","CMTE. ANDRES GUACURARI","GENERAL MANUEL BELGRANO","Estatal","Rural Disperso","70","0"
"540163900","2553","B.O.P. Nº 63","CAMPO GRANDE","CAINGUAS","Estatal","Rural Disperso","120","12"
"540163901","2553","Aula Sat. Nº 01: ""B.O.P. Nº 63""","CAMPO GRANDE","CAINGUAS","Estatal","Rural","35","0"
"540164000","2548","B.O.P. Nº 65","CAMPO RAMON","OBERA","Estatal","Rural Disperso","30","0"
"540164100","2552","B.O.P. Nº 78","ALBA POSSE","25 DE MAYO","Estatal","Rural Aglomerado","69","4"
"540164200","2549","B.O.P. Nº 67","CAMPO RAMON","OBERA","Estatal","Rural Disperso","51","11"
"540164300","2547","B.O.P. Nº 57","25 DE MAYO","25 DE MAYO","Estatal","Rural Disperso","69","5"
"540164400","2545","B.O.P. Nº 53","SAN VICENTE","GUARANI","Estatal","Rural Disperso","142","0"
"540164500","2546","B.O.P. Nº 52","SAN VICENTE","GUARANI","Estatal","Rural Disperso","103","37"
"540164501","2546","Aula Sat. Nº 01: ""B.O.P. Nº 52""","SAN VICENTE","GUARANI","Estatal","Urbano","108","6"
"540164700","2557","B.O.P. Nº 55","DOS ARROYOS","LEANDRO N. ALEM","Estatal","Rural Disperso","110","5"
"540164900","2543","E.P.E.T. Nº 49 (EX B.O.P.Nº 77)","GARUHAPE","LIBERTADOR GRL SAN MARTIN","Estatal","Rural Disperso","255","8"
"540165100","2550","B.O.P. Nº 68","GOBERNADOR LOPEZ","LEANDRO N. ALEM","Estatal","Rural Disperso","26","3"
"540165101","2550","Aula Sat. Nº 01: ""B.O.P. Nº 68""","PICADA AFRICANA","LEANDRO N. ALEM","Estatal","Rural Disperso","44","0"
"540165300","2554","B.O.P. Nº 64","1° DE MAYO","CAINGUAS","Estatal","Rural Aglomerado","53","8"
"540165500","2559","B.O.P. Nº 58","ARISTOBULO DEL VALLE","CAINGUAS","Estatal","Rural Disperso","101","2"
"540165600","2551","B.O.P. Nº 76","EL SOBERBIO","GUARANI","Estatal","Rural Disperso","215","42"
"540166000","2562","B.O.P. Nº 73","GOBERNADOR ROCA","SAN IGNACIO","Estatal","Rural Disperso","68","0"
"540166001","2562","Aula Sat. Nº 01: ""B.O.P. Nº 73""","GOBERNADOR ROCA","SAN IGNACIO","Estatal","Rural","13","0"
"540166100","2561","E.P.E.T. Nº 50 (EX B.O.P. Nº 70)","CERRO AZUL","LEANDRO N. ALEM","Estatal","Rural Disperso","36","4"
"540166200","4029","E.P.E.T. Nº 29","9 DE JULIO","ELDORADO","Estatal","Rural Disperso","85","20"
"540166300","2564","B.O.P. Nº 60","DOS DE MAYO NUCLEO I","CAINGUAS","Estatal","Rural Disperso","79","2"
"540166400","2560","B.O.P. Nº 72","ITACARUARE","SAN JAVIER","Estatal","Rural Disperso","74","0"
"540167700","2566","B.O.P. Nº 71","TARANCO","APOSTOLES","Estatal","Rural","16","0"
"540167800","4032","I.E.A. Nº 05","COLONIA VICTORIA","ELDORADO","Estatal","Rural Disperso","127","0"
"540167801","4032","Aula Sat. Nº 01: ""I.E.A. Nº 05""","PUERTO DELICIA","ELDORADO","Estatal","Rural","13","0"
"540167802","4032","Aula Sat. Nº 02: ""I.E.A. Nº 05""","PUERTO DELICIA","ELDORADO","Estatal","Rural Disperso","13","0"
"540168000","2567","B.O.P. Nº 66","CAMPO RAMON","OBERA","Estatal","Rural Disperso","48","0"
"540168001","2567","Aula Sat. Nº 01: ""B.O.P. Nº 66""","CAMPO RAMON","OBERA","Estatal","Rural","17","0"
"540168002","2567","Aula Sat. Nº 02: ""B.O.P. Nº 66""","PANAMBI","OBERA","Estatal","Rural Disperso","20","0"
"540168100","2568","I.E.A. Nº 13 (Ex B.O.P. Nº 69)","GUARANI","OBERA","Estatal","Rural Disperso","113","7"
"540168400","2569","B.O.P. Nº 79","ARISTOBULO DEL VALLE","CAINGUAS","Estatal","Rural Aglomerado","104","17"
"540169900","4033","E.P.E.T. Nº 31","SAN PEDRO","SAN PEDRO","Estatal","Rural Aglomerado","65","8"
"540170200","2571","B.O.P. Nº 62","ARISTOBULO DEL VALLE","CAINGUAS","Estatal","Rural Disperso","101","11"
"540170600","4034","I.E.A. Nº 06","CAMPO GRANDE","CAINGUAS","Estatal","Rural Disperso","58","0"
"540170700","2570","C.E.P. Nº 65 ","COLONIA MARTIRES","CANDELARIA","Estatal","Rural Disperso","111","9"
"540170800","2582","B.O.P. Nº 59","25 DE MAYO","25 DE MAYO","Estatal","Rural Disperso","126","8"
"540170900","2572","B.O.P. Nº 74","SAN PEDRO","SAN PEDRO","Estatal","Rural Disperso","114","8"
"540171100","4035","I.E.A. Nº 07","GARUPA","CAPITAL","Estatal","Rural Disperso","260","0"
"540172000","4028","E.P.E.T. Nº 28","SAN PEDRO","SAN PEDRO","Estatal","Rural Disperso","94","2"
"540174900","0613","INST. ""DIVINO NIÑO JESÚS""","ELDORADO","ELDORADO","Privado","Urbano","105","7"
"540175200","0612","INST. BAUTISTA DEL CENTRO","ELDORADO","ELDORADO","Privado","Urbano","15","1"
"540175600","1315","E.F.A. ""PADRE JOSE MARX""","CAMPO VIERA","OBERA","Privado","Urbano","97","1"
"540175700","0302","E.F.A. ""SANTOS MARTIRES""","MARTIRES","CANDELARIA","Privado","Rural Disperso","108","1"
"540176200","4036","E.P.E.T. Nº 32","CAMPO VIERA","OBERA","Estatal","Urbano","133","25"
"540176300","4038","I.E.A. Nº 08","MONTECARLO","MONTECARLO","Estatal","Urbano","67","5"
"540176400","4037","E.P.E.T. Nº 33","PUERTO LIBERTAD","IGUAZU","Estatal","Urbano","274","32"
"540176600","2581","B.O.P. Nº 83","FACHINAL","CAPITAL","Estatal","Rural","20","6"
"540176900","2579","B.O.P. Nº 82","CANDELARIA","CANDELARIA","Estatal","Urbano","471","73"
"540177000","4039","I.E.A. Nº 09","COLONIA AURORA","25 DE MAYO","Estatal","Rural Disperso","127","7"
"540177300","2584","B.O.P. Nº 108","PIÑALITO NORTE","GENERAL MANUEL BELGRANO","Estatal","Rural","69","5"
"540177500","2583","B.O.P. Nº 84","FRACRAN","GUARANI","Estatal","Rural Disperso","98","7"
"540178700","4041","I.E.A. Nº 10","25 DE MAYO","25 DE MAYO","Estatal","Rural Disperso","144","1"
"540178800","4042","I.E.A. Nº 12 (Ex Aula Sat. 01 E.P.E.T. Nº 13)","SAN JAVIER","SAN JAVIER","Estatal","Rural Disperso","143","12"
"540178900","2588","B.O.P. Nº 109","ARISTOBULO DEL VALLE","CAINGUAS","Estatal","Rural Aglomerado","86","6"
"540179000","4043","E.P.E.T. Nº 39","EL SOBERBIO","GUARANI","Estatal","Urbano","173","0"
"540179100","4044","I.E.A. Nº 11","PUERTO DELICIA","ELDORADO","Estatal","Rural Disperso","193","0"
"540179200","0210","INST. ""ARISTOBULO DEL VALLE""","ARISTOBULO DEL VALLE","CAINGUAS","Privado","Urbano","209","2"
"540179500","0616","INST. EDUCATIVO ""PUERTO BEMBERG - ELDORADO""","ELDORADO","ELDORADO","Privado","Urbano","95","5"
"540179700","2592","B.O.P. Nº 110","DOS DE MAYO NUCLEO I","CAINGUAS","Estatal","Rural Disperso","190","33"
"540179800","2593","B.O.P. Nº 41 (Ex Aula Sat. ""E.P.E.T. Nº 35 (ExAula Sat. Nº 02: ""B.O.P. 41""))","CAMPO RAMON","OBERA","Estatal","Rural Disperso","94","2"
"540180500","0708","INST. SUP. CULTURAL ""LATINOAMERICANO""","BERNARDO DE IRIGOYEN","GENERAL MANUEL BELGRANO","Privado","Urbano","148","14"
"540180900","1604","INST. ""LAS ARAUCARIAS""","SAN PEDRO","SAN PEDRO","Privado","Urbano","79","13"
"540181100","0806","INST. CONCORDIA","SAN VICENTE","GUARANI","Privado","Urbano","57","1"
"540181400","2595","B.O.P. Nº 111 ""TEKOÁ FORTÍN MBORORÉ""","PUERTO IGUAZU","IGUAZU","Estatal","Rural Aglomerado","109","11"
"540181700","4045","E.P.E.T. Nº 40","CANDELARIA","CANDELARIA","Estatal","Urbano","176","20"
"540181900","0614","INST. ADVENTISTA ""EL DORADO""","ELDORADO","ELDORADO","Privado","Urbano","119","3"
"540182400","0487","INST. ""POSADAS EDUCA""","POSADAS","CAPITAL","Privado","Urbano","41","0"
"540183501","3101","U.G.L. Nº 01 (Ext. Esc. Nº 463)","SAN ANTONIO","GENERAL MANUEL BELGRANO","Estatal","Rural","24","0"
"540183505","3101","U.G.L. Nº 01 (Ext. Esc. Nº 287)","SAN ANTONIO","GENERAL MANUEL BELGRANO","Estatal","Rural Disperso","11","0"
"540183507","3101","U.G.L. Nº 01 (Ext. Esc. Nº 102)","SAN ANTONIO","GENERAL MANUEL BELGRANO","Estatal","Rural Disperso","23","0"
"540183508","3101","U.G.L. Nº 01 (Ext. Esc. Nº 591)","SAN ANTONIO","GENERAL MANUEL BELGRANO","Estatal","Rural","11","0"
"540183509","3101","U.G.L. Nº 01 (Ext. Esc. Nº 325)","SAN ANTONIO","GENERAL MANUEL BELGRANO","Estatal","Rural","12","0"
"540183511","3101","U.G.L. Nº 01 (Ext. Esc. Nº 512)","SAN ANTONIO","GENERAL MANUEL BELGRANO","Estatal","Rural","33","0"
"540183512","3101","U.G.L. Nº 01 (Ext. Esc. Nº 775)","SAN ANTONIO","GENERAL MANUEL BELGRANO","Estatal","Rural Disperso","10","0"
"540183513","3101","U.G.L. Nº 01 (Ext. Esc. Nº 864)","SAN ANTONIO","GENERAL MANUEL BELGRANO","Estatal","Rural","29","0"
"540183515","3101","U.G.L. Nº 01 (Ext. Esc. Nº 776)","PIÑALITO NORTE","GENERAL MANUEL BELGRANO","Estatal","Rural Disperso","26","0"
"540183516","3101","U.G.L. Nº 01 (Ext. Esc. Nº 886)","PARAJE 130","GENERAL MANUEL BELGRANO","Estatal","Rural Disperso","14","0"
"540183601","3102","U.G.L. Nº 02 (Ext. Esc. Nº 554)","CMTE. ANDRES GUACURARI","GENERAL MANUEL BELGRANO","Estatal","Rural","9","3"
"540183602","3102","U.G.L. Nº 02 (Ext. Esc. Nº 642)","CMTE. ANDRES GUACURARI","GENERAL MANUEL BELGRANO","Estatal","Rural","69","9"
"540183603","3102","U.G.L. Nº 02 (Ext. Esc. Nº 710)","SAN ANTONIO","GENERAL MANUEL BELGRANO","Estatal","Rural","24","3"
"540183604","3102","U.G.L. Nº 02 (Ext. Esc. Nº 158)","CMTE. ANDRES GUACURARI","GENERAL MANUEL BELGRANO","Estatal","Rural","25","6"
"540183605","3102","U.G.L. Nº 02 (Ext. Esc. Nº 757)","CMTE. ANDRES GUACURARI","GENERAL MANUEL BELGRANO","Estatal","Rural","8","2"
"540183607","3102","U.G.L. Nº 02 (Ext. Esc. Nº 697)","CMTE. ANDRES GUACURARI","GENERAL MANUEL BELGRANO","Estatal","Rural","68","12"
"540183608","3102","U.G.L. Nº 02 (Ext. Esc. Nº 478)","CMTE. ANDRES GUACURARI","GENERAL MANUEL BELGRANO","Estatal","Rural Disperso","13","5"
"540183701","3103","U.G.L. Nº 03 (Ext. Esc. Nº 06)","GRAMADO","SAN PEDRO","Estatal","Rural","61","0"
"540183702","3103","U.G.L. Nº 03 (Ext. Esc. Nº 25)","COLONIA PRIMAVERA","SAN PEDRO","Estatal","Rural","28","0"
"540183703","3103","U.G.L. Nº 03 (Ext. Esc. Nº 81)","SAN PEDRO","SAN PEDRO","Estatal","Rural","18","4"
"540183706","3103","U.G.L. Nº 03 (Ext. Esc. Nº 384)","SAN PEDRO","SAN PEDRO","Estatal","Rural","45","0"
"540183708","3103","U.G.L. Nº 03 (Ext. Esc. Nº 536)","SAN PEDRO","SAN PEDRO","Estatal","Rural","22","0"
"540183710","3103","U.G.L. Nº 03 (Ext. Esc. Nº 644)","SAN PEDRO","SAN PEDRO","Estatal","Rural","17","0"
"540183711","3103","U.G.L. Nº 03 (Ext. Esc. Nº 684)","SAN PEDRO","SAN PEDRO","Estatal","Rural","33","2"
"540183713","3103","U.G.L. Nº 03 (Ext. Esc. Nº 724)","SAN PEDRO","SAN PEDRO","Estatal","Rural","23","0"
"540183715","3103","U.G.L. Nº 03 (Ext. Esc. Nº 780)","FRACRAN","GUARANI","Estatal","Rural","34","0"
"540183718","3103","U.G.L. Nº 03 (Ext. Esc. Nº 825)","SAN PEDRO","SAN PEDRO","Estatal","Rural","34","0"
"540183719","3103","U.G.L. Nº 03 (Ext. Esc. Nº 904)","SAN PEDRO","SAN PEDRO","Estatal","Rural","43","0"
"540183801","3104","U.G.L. Nº 04 (Ext. Esc. Nº 479)","SAN VICENTE","GUARANI","Estatal","Rural","11","0"
"540183802","3104","U.G.L. Nº 04 (Ext. Esc. Nº 522)","SAN VICENTE","GUARANI","Estatal","Rural","8","0"
"540183803","3104","U.G.L. Nº 04 (Ext. Esc. Nº 411)","SAN VICENTE","GUARANI","Estatal","Rural","14","0"
"540183804","3104","U.G.L. Nº 04 (Ext. Esc. Nº 56)","SAN VICENTE","GUARANI","Estatal","Rural","19","3"
"540183805","3104","U.G.L. Nº 04 (Ext. Esc. Nº 535)","SAN VICENTE","GUARANI","Estatal","Rural","9","0"
"540183806","3104","U.G.L. Nº 04 (Ext. Esc. Nº 352)","SAN VICENTE","GUARANI","Estatal","Rural","67","0"
"540183808","3104","U.G.L. Nº 04 (Ext. Esc. Nº 751)","DOS DE MAYO NUCLEO I","CAINGUAS","Estatal","Rural","15","0"
"540183809","3104","U.G.L. Nº 04 (Ext. Esc. Nº 476)","SAN VICENTE","GUARANI","Estatal","Rural","54","0"
"540183810","3104","U.G.L. Nº 04 (Ext. Esc. Nº 594)","SAN VICENTE","GUARANI","Estatal","Rural","34","0"
"540183811","3104","U.G.L. Nº 04 (Ext. Esc. Nº 350)","SAN VICENTE","GUARANI","Estatal","Rural","38","0"
"540183812","3104","U.G.L. Nº 04 (Ext. Esc. Nº 390)","SAN VICENTE","GUARANI","Estatal","Rural","53","0"
"540183813","3104","U.G.L. Nº 04 (Ext. Esc. Nº 224)","SAN VICENTE","GUARANI","Estatal","Rural","53","0"
"540183901","3105","U.G.L. Nº 05 (Ext. Esc. Nº 92)","PICADA MANDARINA (EL SOBERBIO)","GUARANI","Estatal","Rural Disperso","54","0"
"540183902","3105","U.G.L. Nº 05 (Ext. Esc. Nº 120)","EL SOBERBIO","GUARANI","Estatal","Rural","8","0"
"540183903","3105","U.G.L. Nº 05 (Ext. Esc. Nº 170)","EL SOBERBIO","GUARANI","Estatal","Rural","26","0"
"540183904","3105","U.G.L. Nº 05 (Ext. Esc. Nº 400)","EL SOBERBIO","GUARANI","Estatal","Rural","47","0"
"540183905","3105","U.G.L. Nº 05 (Ext. Esc. Nº 446)","EL SOBERBIO","GUARANI","Estatal","Rural Disperso","41","0"
"540183907","3105","U.G.L. Nº 05 (Ext. Esc. Nº 460)","EL SOBERBIO","GUARANI","Estatal","Rural","37","0"
"540183908","3105","U.G.L. Nº 05 (Ext. Esc. Nº 485)","EL SOBERBIO","GUARANI","Estatal","Rural","25","0"
"540183909","3105","U.G.L. Nº 05 (Ext. Esc. Nº 516)","EL SOBERBIO","GUARANI","Estatal","Rural Disperso","36","0"
"540183911","3105","U.G.L. Nº 05 (Ext. Esc. Nº 564)","EL SOBERBIO","GUARANI","Estatal","Rural","36","0"
"540183912","3105","U.G.L. Nº 05 (Ext. Esc. Nº 605)","EL SOBERBIO","GUARANI","Estatal","Rural","21","0"
"540183913","3105","U.G.L. Nº 05 (Ext. Esc. Nº 653)","EL SOBERBIO","GUARANI","Estatal","Rural","23","0"
"540183914","3105","U.G.L. Nº 05 (Ext. Esc. Nº 664)","EL SOBERBIO","GUARANI","Estatal","Rural","11","0"
"540184001","3106","U.G.L. Nº 06 (Ext. Esc. Nº 578)","TRES ARROYOS","CAINGUAS","Estatal","Rural","14","0"
"540184004","3106","U.G.L. Nº 06 (Ext. Esc. Nº 028)","25 DE MAYO","25 DE MAYO","Estatal","Rural","6","0"
"540184005","3106","U.G.L. Nº 06 (Ext. Esc. Nº 551)","25 DE MAYO","25 DE MAYO","Estatal","Rural","14","0"
"540184006","3106","U.G.L. Nº 06 (Ext. Esc. Nº 568)","25 DE MAYO","25 DE MAYO","Estatal","Rural","8","0"
"540184008","3106","U.G.L. Nº 06 (Ext. Esc. Nº 292)","ALBA POSSE","25 DE MAYO","Estatal","Rural","13","0"
"540184009","3106","U.G.L. Nº 06 (Ext. Esc. Nº 562)","25 DE MAYO","25 DE MAYO","Estatal","Rural","13","0"
"540184011","3106","U.G.L. Nº 06 (Ext. Esc. Nº 394)","25 DE MAYO","25 DE MAYO","Estatal","Rural","11","0"
"540184012","3106","U.G.L. Nº 06 (Ext. Esc. Nº 830)","25 DE MAYO","25 DE MAYO","Estatal","Rural","8","0"
"540184013","3106","U.G.L. Nº 06 (Ext. Esc. Nº 386)","25 DE MAYO","25 DE MAYO","Estatal","Rural","21","0"
"540184014","3106","U.G.L. Nº 06 (Ext. Esc. Nº 560)","25 DE MAYO","25 DE MAYO","Estatal","Rural","7","0"
"540184015","3106","U.G.L. Nº 06 (Ext. Esc. Nº 351)","25 DE MAYO","25 DE MAYO","Estatal","Rural","12","0"
"540184016","3106","U.G.L. Nº 06 (Ext. Esc. Nº 641)","25 DE MAYO","25 DE MAYO","Estatal","Rural","24","0"
"540184017","3106","U.G.L. Nº 06 (Ext. Esc. Nº 360)","25 DE MAYO","25 DE MAYO","Estatal","Rural","15","0"
"540184019","3106","U.G.L. Nº 06 (Ext. Esc. Nº 376)","EL SALTITO","25 DE MAYO","Estatal","Rural","10","0"
"540184101","3107","U.G.L. Nº 07 (Ext. Esc. Nº 40)","CAMPO GRANDE","CAINGUAS","Estatal","Rural","6","2"
"540184102","3107","U.G.L. Nº 07 (Ext. Esc. Nº 213)","CAMPO GRANDE","CAINGUAS","Estatal","Rural","53","0"
"540184104","3107","U.G.L. Nº 07 (Ext. Esc. Nº 496)","CAMPO GRANDE","CAINGUAS","Estatal","Rural Disperso","9","2"
"540184105","3107","U.G.L. Nº 07 (Ext. Esc. Nº 589)","CAMPO GRANDE","CAINGUAS","Estatal","Rural","10","0"
"540184106","3107","U.G.L. Nº 07 (Ext. Esc. Nº 209)","CAMPO GRANDE","CAINGUAS","Estatal","Rural Disperso","12","0"
"540184109","3107","U.G.L. Nº 07 (Ext. Esc. Nº 459)","CAMPO GRANDE","CAINGUAS","Estatal","Rural","20","0"
"540184110","3107","U.G.L. Nº 07 (Ext. Esc. Nº 29)","CAMPO VIERA","OBERA","Estatal","Rural","8","0"
"540184113","3107","U.G.L. Nº 07 (Ext. Esc. Nº 370)","ARISTOBULO DEL VALLE","CAINGUAS","Estatal","Rural","5","0"
"540184114","3107","U.G.L. Nº 07 (Ext. Esc. Nº 493)","TAMANDUA","CAINGUAS","Estatal","Rural","5","0"
"540184115","3107","U.G.L. Nº 07 (Ext. Esc. Nº 422)","ARISTOBULO DEL VALLE","CAINGUAS","Estatal","Rural","35","0"
"540184116","3107","U.G.L. Nº 07 (Ext. Esc. Nº 570)","ARISTOBULO DEL VALLE","CAINGUAS","Estatal","Rural","10","0"
"540184117","3107","U.G.L. Nº 07 (Ext. Esc. Nº 329)","CAMPO GRANDE","CAINGUAS","Estatal","Rural","14","0"
"540184201","3108","U.G.L. Nº 08 (Ext. Esc. Nº 22)","DOS DE MAYO NUCLEO I","CAINGUAS","Estatal","Rural","44","9"
"540184202","3108","U.G.L. Nº 08 (Ext. Esc. Nº 235)","DOS DE MAYO NUCLEO I","CAINGUAS","Estatal","Rural","22","5"
"540184203","3108","U.G.L.Nº 08 (Ext. Esc. Nº 383)","DOS DE MAYO NUCLEO I","CAINGUAS","Estatal","Rural","8","2"
"540184205","3108","U.G.L. Nº 08 (Ext. Esc. Nº 410)","DOS DE MAYO NUCLEO I","CAINGUAS","Estatal","Rural","19","0"
"540184206","3108","U.G.L. Nº 08 (Ext. Esc. Nº 415)","EL CRUCE PINDAYTI","CAINGUAS","Estatal","Rural","12","1"
"540184207","3108","U.G.L. Nº 08 (Ext. Esc. Nº 432)","COLONIA BERNARDINO RIVADAVIA","GUARANI","Estatal","Rural","51","1"
"540184208","3108","U.G.L. Nº 08 (Ext. Esc. Nº 471)","ARISTOBULO DEL VALLE","CAINGUAS","Estatal","Rural","24","2"
"540184209","3108","U.G.L. Nº 08 (Ext. Esc. Nº 473)","DOS DE MAYO NUCLEO I","CAINGUAS","Estatal","Rural","47","6"
"540184210","3108","U.G.L. Nº 08 (Ext. Esc. Nº 499)","DOS DE MAYO NUCLEO I","CAINGUAS","Estatal","Rural","8","2"
"540184211","3108","U.G.L. Nº 08 (Ext. Esc. Nº 517)","DOS DE MAYO NUCLEO I","CAINGUAS","Estatal","Rural","22","2"
"540184212","3108","U.G.L. Nº 08 (Ext. Esc. Nº 532)","DOS DE MAYO NUCLEO I","CAINGUAS","Estatal","Rural","31","3"
"540184213","3108","U.G.L. Nº 08 (Ext. Esc. Nº 549)","DOS DE MAYO NUCLEO I","CAINGUAS","Estatal","Rural","15","0"
"540184214","3108","U.G.L. Nº 08 (Ext. Esc. Nº 595)","DOS DE MAYO NUCLEO I","CAINGUAS","Estatal","Rural","20","3"
"540184215","3108","U.G.L. Nº 08 (Ext. Esc. Nº 734)","DOS DE MAYO NUCLEO I","CAINGUAS","Estatal","Rural","29","7"
"540184217","3108","U.G.L. Nº 08 (Ext. Esc. Nº 814)","ARISTOBULO DEL VALLE","CAINGUAS","Estatal","Rural","7","0"
"540184218","3108","U.G.L. Nº 08 (Ext. Esc. Nº 854)","DOS DE MAYO NUCLEO I","CAINGUAS","Estatal","Rural","9","2"
"540184219","3108","U.G.L. Nº 08 (Ext. Esc. Nº 861)","DOS DE MAYO NUCLEO I","CAINGUAS","Estatal","Rural","37","0"
"540184301","3109","U.G.L. Nº 09 (Ext. Esc. Nº 461)","LOS HELECHOS","OBERA","Estatal","Rural","7","3"
"540184302","3109","U.G.L. Nº 09 (Ext. Esc. Nº 691)","PANAMBI","OBERA","Estatal","Rural","18","2"
"540184303","3109","U.G.L. Nº 09 (Ext. Esc. Nº 525)","GUARANI","OBERA","Estatal","Rural","26","3"
"540184304","3109","U.G.L. Nº 09 (Ext. Esc. Nº 261)","GUARANI","OBERA","Estatal","Rural","23","5"
"540184308","3109","U.G.L. Nº 09 (Ext. Esc. Nº 584)","PANAMBI","OBERA","Estatal","Rural","23","4"
"540184309","3109","U.G.L. Nº 09 (Ext. Esc. Nº 153)","SAN MARTIN","OBERA","Estatal","Rural","32","2"
"540184310","3109","U.G.L. Nº 09 (Ext. Esc. Nº 888)","PANAMBI","OBERA","Estatal","Rural Disperso","12","2"
"540184401","3110","U.G.L. Nº 10 (Ext. Esc. Nº 217)","OBERA","OBERA","Estatal","Rural","16","0"
"540184402","3110","U.G.L. Nº 10 (Ext. Esc. Nº 290)","CAMPO VIERA","OBERA","Estatal","Rural","17","0"
"540184403","3110","U.G.L. Nº 10 (Ext. Esc. Nº 312)","CAMPO RAMON","OBERA","Estatal","Rural","8","0"
"540184404","3110","U.G.L. Nº 10 (Ext. Esc. Nº 338)","CAMPO RAMON","OBERA","Estatal","Rural","12","0"
"540184405","3110","U.G.L. Nº 10 (Ext. Esc. Nº 358)","CAMPO RAMON","OBERA","Estatal","Rural","31","0"
"540184406","3110","U.G.L. Nº 10 (Ext. Esc. Nº 456)","CAMPO RAMON","OBERA","Estatal","Rural","12","0"
"540184407","3110","U.G.L. Nº 10 (Ext. Esc. Nº 488)","CAMPO RAMON","OBERA","Estatal","Rural","5","0"
"540184408","3110","U.G.L. Nº 10 (Ext. Esc. Nº 639)","CAMPO RAMON","OBERA","Estatal","Rural","25","0"
"540184409","3110","U.G.L. Nº 10 (Ext. Esc. Nº 702)","CAMPO RAMON","OBERA","Estatal","Rural","26","1"
"540184501","3111","U.G.L. Nº 11 (Ext. Esc. Nº 226)","LEANDRO N. ALEM","LEANDRO N. ALEM","Estatal","Rural","22","0"
"540184503","3111","U.G.L. Nº 11 (Ext. Esc. Nº 55)","LEANDRO N. ALEM","LEANDRO N. ALEM","Estatal","Rural","41","0"
"540184506","3111","U.G.L. Nº 11 (Ext. Esc. Nº 139)","LEANDRO N. ALEM","LEANDRO N. ALEM","Estatal","Rural","17","0"
"540184507","3111","U.G.L. Nº 11 (Ext. Esc. Nº 148)","LEANDRO N. ALEM","LEANDRO N. ALEM","Estatal","Rural","13","0"
"540184510","3111","U.G.L. Nº 11 (Ext. Esc. Nº 176)","DOS ARROYOS","LEANDRO N. ALEM","Estatal","Rural","38","0"
"540184511","3111","U.G.L. Nº 11 (Ext. Esc. Nº 178)","ARROYO DEL MEDIO","LEANDRO N. ALEM","Estatal","Rural","29","0"
"540184512","3111","U.G.L. Nº 11 (Ext. Esc. Nº 195)","LEANDRO N. ALEM","LEANDRO N. ALEM","Estatal","Rural","26","0"
"540184513","3111","U.G.L. Nº 11 (Ext. Esc. Nº 196)","LEANDRO N. ALEM","LEANDRO N. ALEM","Estatal","Rural","26","0"
"540184514","3111","U.G.L. Nº 11 (Ext. Esc. Nº 257)","DOS ARROYOS","LEANDRO N. ALEM","Estatal","Rural","9","0"
"540184515","3111","U.G.L. Nº 11 (Ext. Esc. Nº 620)","LEANDRO N. ALEM","LEANDRO N. ALEM","Estatal","Rural","17","0"
"540184516","3111","U.G.L. Nº 11 (Ext. Esc. Nº 624)","LEANDRO N. ALEM","LEANDRO N. ALEM","Estatal","Rural","44","0"
"540184517","3111","U.G.L. Nº 11 (Ext. Esc. Nº 629)","LEANDRO N. ALEM","LEANDRO N. ALEM","Estatal","Rural","14","0"
"540184518","3111","U.G.L. Nº 11 (Ext. Esc. Nº 712)","LEANDRO N. ALEM","LEANDRO N. ALEM","Estatal","Rural","3","0"
"540184519","3111","U.G.L. Nº 11 (Ext. Esc. Nº 772)","LEANDRO N. ALEM","LEANDRO N. ALEM","Estatal","Rural","37","0"
"540184521","3111","U.G.L. Nº 11 (Ext. Esc. Nº 337)","ARROYO DEL MEDIO","LEANDRO N. ALEM","Estatal","Rural Disperso","17","0"
"540184522","3111","U.G.L. Nº 11 (Ext. Esc. Nº 63)","AZARA","APOSTOLES","Estatal","Rural Aglomerado","33","0"
"540184602","3112","U.G.L. Nº 12 (Ext. Esc. Nº 259)","GOBERNADOR ROCA","SAN IGNACIO","Estatal","Rural","15","0"
"540184603","3112","U.G.L. Nº 12 (Ext. Esc. Nº 480)","SAN IGNACIO","SAN IGNACIO","Estatal","Rural","13","4"
"540184604","3112","U.G.L. Nº 12 (Ext. Esc. Nº 313)","SAN IGNACIO","SAN IGNACIO","Estatal","Rural","17","0"
"540184606","3112","U.G.L. Nº 12 (Ext. Esc. Nº 559)","SANTO PIPO","SAN IGNACIO","Estatal","Rural","24","2"
"540184607","3112","U.G.L. Nº 12 (Ext. Esc. Nº 368)","SANTO PIPO","SAN IGNACIO","Estatal","Rural","6","0"
"540184610","3112","U.G.L. Nº 12 (Ext. Esc. Nº 727)","JARDIN AMERICA","SAN IGNACIO","Estatal","Rural","62","0"
"540184612","3112","U.G.L. Nº 12 (Ext. Esc. Nº 465)","JARDIN AMERICA","SAN IGNACIO","Estatal","Rural","13","0"
"540184613","3112","U.G.L. Nº 12 (Ext. Aula Sat. Nº 01: ""ESC. Nº 743"")","GOBERNADOR ROCA","SAN IGNACIO","Estatal","Rural","4","0"
"540184615","3112","U.G.L. Nº 12 (Ext. Esc. Nº 44)","SAN IGNACIO","SAN IGNACIO","Estatal","Rural","38","0"
"540184616","3112","U.G.L. Nº 12 (Ext. Esc. Nº 378)","JARDIN AMERICA","SAN IGNACIO","Estatal","Rural","15","0"
"540184701","3113","U.G.L. Nº 13 (Ext. Esc. Nº 440)","JARDIN AMERICA","SAN IGNACIO","Estatal","Rural","34","0"
"540184702","3113","U.G.L. Nº 13 (Ext. Esc. Nº 648)","CAPIOVI","LIBERTADOR GRL SAN MARTIN","Estatal","Rural","59","0"
"540184704","3113","U.G.L. Nº 13 (Ext. Esc. Nº 632)","PUERTO RICO","LIBERTADOR GRL SAN MARTIN","Estatal","Rural","15","0"
"540184706","3113","U.G.L. Nº 13 (Ext. Esc. Nº 447)","RUIZ DE MONTOYA","LIBERTADOR GRL SAN MARTIN","Estatal","Rural","15","0"
"540184707","3113","U.G.L. Nº 13 (Ext. Esc. Nº 334)","GARUHAPE","LIBERTADOR GRL SAN MARTIN","Estatal","Rural","19","0"
"540184708","3113","U.G.L. Nº 13 (Ext. Esc. Nº 222)","PUERTO RICO","LIBERTADOR GRL SAN MARTIN","Estatal","Rural","42","0"
"540184709","3113","U.G.L. Nº 13 (Ext. Esc. Nº 441)","EL ALCAZAR","LIBERTADOR GRL SAN MARTIN","Estatal","Rural","3","0"
"540184711","3113","U.G.L. Nº 13 (Ext. Esc. Nº 189)","COLONIA ORO VERDE","LIBERTADOR GRL SAN MARTIN","Estatal","Rural","59","2"
"540184712","3113","U.G.L. Nº 13 (Ext. Esc. Nº 231)","CAPIOVI","LIBERTADOR GRL SAN MARTIN","Estatal","Rural","18","3"
"540184713","3113","U.G.L. Nº 13 (Ext. Esc. Nº 970)","PUERTO LEONI","LIBERTADOR GRL SAN MARTIN","Estatal","Rural","33","0"
"540184714","3113","U.G.L. Nº 13 (Ext. Esc. Nº 762)","GARUHAPE","LIBERTADOR GRL SAN MARTIN","Estatal","Rural","19","0"
"540184801","3114","U.G.L. Nº 14 (Ext. Esc. Nº 210)","BERNARDO DE IRIGOYEN","GENERAL MANUEL BELGRANO","Estatal","Rural","54","0"
"540184802","3114","U.G.L. Nº 14 (Ext. Esc. Nº 212)","BERNARDO DE IRIGOYEN","GENERAL MANUEL BELGRANO","Estatal","Rural","10","0"
"540184804","3114","U.G.L. Nº 14 (Ext. Esc. Nº 388)","BERNARDO DE IRIGOYEN","GENERAL MANUEL BELGRANO","Estatal","Rural","10","0"
"540184805","3114","U.G.L. Nº 14 (Ext. Esc. Nº 507)","BERNARDO DE IRIGOYEN","GENERAL MANUEL BELGRANO","Estatal","Rural","17","0"
"540184807","3114","U.G.L. Nº 14 (Ext. Esc. Nº 782)","BERNARDO DE IRIGOYEN","GENERAL MANUEL BELGRANO","Estatal","Rural","5","0"
"540184808","3114","U.G.L. Nº 14 (Ext. Esc. Nº 833)","BERNARDO DE IRIGOYEN","GENERAL MANUEL BELGRANO","Estatal","Rural","11","0"
"540184810","3114","U.G.L. Nº 14 (Ext. Esc. Nº 357)","BERNARDO DE IRIGOYEN","GENERAL MANUEL BELGRANO","Estatal","Rural Disperso","40","0"
"540184901","3115","U.G.L. Nº 15 (Ext. Esc. Nº 23)","SAN VICENTE","GUARANI","Estatal","Rural","17","0"
"540184903","3115","U.G.L. Nº 15 (Ext. Esc. Nº 597)","SAN VICENTE","GUARANI","Estatal","Rural","8","0"
"540184907","3115","U.G.L. Nº 15 (Ext. Esc. Nº 469)","COLONIA AURORA","25 DE MAYO","Estatal","Rural","22","0"
"540184908","3115","U.G.L. Nº 15 (Ext. Esc. Nº 405)","COLONIA AURORA","25 DE MAYO","Estatal","Rural","12","0"
"540184909","3115","U.G.L. Nº 15 (Ext. Esc. Nº 534)","SAN VICENTE","GUARANI","Estatal","Rural","5","0"
"540184910","3115","U.G.L. Nº 15 (Ext. Esc. Nº 190)","SAN VICENTE","GUARANI","Estatal","Rural","28","0"
"540184911","3115","U.G.L. Nº 15 (Ext. Esc. Nº 398)","SAN VICENTE","GUARANI","Estatal","Rural Disperso","35","0"
"540184912","3115","U.G.L. Nº 15 (Ext. Esc. Nº 18)","SAN VICENTE","GUARANI","Estatal","Rural","8","0"
"540184913","3115","U.G.L. Nº 15 (Ext. Esc. Nº 531)","SAN VICENTE","GUARANI","Estatal","Rural","58","0"
"540185500","4046","E.P.E.T. Nº 34","POSADAS","CAPITAL","Estatal","Urbano","518","24"
"540185600","2596","B.O.P. Nº 112","OBERA","OBERA","Estatal","Urbano","176","0"
"540186700","4047","E.P.E.T. Nº 45","POSADAS","CAPITAL","Estatal","Urbano","137","16"
"540186800","4048","E.P.E.T. Nº 48","WANDA","IGUAZU","Estatal","Urbano","155","20"
"540187000","4055","I.E.A. Nº 16","APOSTOLES","APOSTOLES","Estatal","Urbano","90","8"
"540187200","4056","E.P.E.T. Nº 44","SAN ANTONIO","GENERAL MANUEL BELGRANO","Estatal","Urbano","98","3"
"540187300","4057","E.P.E.T. Nº 42","CORPUS","SAN IGNACIO","Estatal","Urbano","62","8"
"540187500","4058","E.P.E.T. Nº 41","PANAMBI","OBERA","Estatal","Urbano","103","9"
"540187600","4060","I.E.A. Nº 14","ARISTOBULO DEL VALLE","CAINGUAS","Estatal","Rural Disperso","91","6"
"540187900","4061","I.E.A. Nº 17","BERNARDO DE IRIGOYEN","GENERAL MANUEL BELGRANO","Estatal","Rural Aglomerado","168","15"
"540187901","4061","Aula Sat. Nº 01:""I.E.A. Nº 17"" (Ex Aula Sat. Nº 01:""E.P.E.T. Nº 28"")","POZO AZUL","SAN PEDRO","Estatal","Rural Disperso","18","0"
"540188000","0488","INST. ""CRISTIANO EMANUEL""","POSADAS","CAPITAL","Privado","Urbano","151","7"
"540188300","4062","E.P.E.T. Nº 51","PUERTO IGUAZU","IGUAZU","Estatal","Rural Disperso","178","14"
"540188500","2597","B.O.P. Nº 113 (Ex Ext. Esc. Nº 207-U.G.L. Nº 04)","SAN VICENTE","GUARANI","Estatal","Rural Aglomerado","245","29"
"540188600","2598","B.O.P. Nº 114 (Ex Ext. Esc. Nº 518: U.G.L. Nº 12)","SANTO PIPO","SAN IGNACIO","Estatal","Rural Aglomerado","89","6"
"540190100","4064","E.P.E.T. Nº 53","ALBERDI","OBERA","Estatal","Rural Disperso","80","10"
"540190301","8500","Esc. Sec. Rural Mediada por T.I.C.(Extensión Aula Sat. Nº 01:""Esc. Nº 44"")","TEYU CUARE","SAN IGNACIO","Estatal","Rural","24","1"
"540190302","8500","Esc. Sec. Rural Mediada por T.I.C. (Extensión Esc. Nº 683:""YAKA PA'U"")","TAMANDUA","25 DE MAYO","Estatal","Rural","19","6"
"540190303","8500","Esc. Sec. Rural Mediada por T.I.C. (Extensión Esc. Nº 905)","PICADA GUARANI","GUARANI","Estatal","Rural","39","10"
"540190304","8500","Esc. Sec. Rural Mediada por T.I.C. (Extensión Esc. Nº 938)","SAN PEDRO","SAN PEDRO","Estatal","Rural","22","2"
"540190305","8500","Esc. Sec. Rural Mediada por T.I.C. (Extensión Esc. Nº 807"")","PUERTO LIBERTAD","IGUAZU","Estatal","Rural","45","8"
"540190306","8500","Esc. Sec. Rural Mediada por T.I.C. (Extensión Esc. Nº 166:""Moisés Bertoni"")","LA FORTALEZA","CANDELARIA","Estatal","Rural","40","8"
"540190307","8500","Esc. Sec. Rural Mediada por T.I.C. (Extensión Esc. Nº 128:""Santa Catalina"")","COLONIA SAN JOSE","APOSTOLES","Estatal","Rural","29","3"
"540190308","8500","Esc. Sec. Rural Mediada por T.I.C. (Extensión Esc. Nº 892)","VILLA DON BOSCO","SAN PEDRO","Estatal","Rural","24","7"
"540190309","8500","Esc. Sec. Rural Mediada por T.I.C. (Extensión Esc. Nº 836)","PICADA FLOR","GUARANI","Estatal","Rural Aglomerado","62","13"
"540190310","8500","Esc. Sec. Rural Mediada por T.I.C. (Extensión Esc. Nº 812:""Arandú""))","POZO AZUL","SAN PEDRO","Estatal","Rural Disperso","43","7"
"540190700","2600","B.O.P. Nº 115 (Ex Aula Sat. Nº 01:""Esc. Normal Sup. Nº 06)","CUÑA PIRU","CAINGUAS","Estatal","Rural Disperso","87","0"
"540190900","2599","B.O.P. Nº 117: ""YRYAPU""","PUERTO IGUAZU","IGUAZU","Estatal","Rural Disperso","65","7"
"540190901","2599","Aula Sat. Nº 01: ""B.O.P. Nº 117"" (Ka aguy Porá)","CMTE. ANDRES GUACURARI","GENERAL MANUEL BELGRANO","Estatal","Rural Disperso","44","13"
"540192500","1010","INST. ""LA BUENA SEMILLA""","LEANDRO N. ALEM","LEANDRO N. ALEM","Privado","Urbano","59","0"
"540194200","4065","E.P.E.T. Nº 54 (Ex Aula Sat. Nº 01: ""E.P.E.T. Nº 06"")","ELDORADO","ELDORADO","Estatal","Urbano","165","30"
"540196800","1605","E.F.A. ""SAN ROQUE GONZÁLEZ""","POZO AZUL","SAN PEDRO","Privado","Rural Disperso","118","0"
"540196900","2603","B.O.P. Nº 122 (Ex Aula Sat. Nº 02: ""B.O.P. Nº 85"")","EL PORVENIR","CAPITAL","Estatal","Urbano","146","18"
"540197000","1700","ESC. SECUNDARIA DE INNOVACIÓN DE MISIONES","POSADAS","CAPITAL","Estatal","Urbano","349","0"
"540198100","2604","B.O.P. Nº 123 (Ex Aula Sat. Nº 02: ""B.O.P. Nº 76"")","COLONIA MANUEL BELGRANO","GUARANI","Estatal","Rural Disperso","105","20"
"540199400","2605","B.O.P. Nº 124","CMTE. ANDRES GUACURARI","GENERAL MANUEL BELGRANO","Estatal","Rural","106","10"
"540199500","1614","ESC. NORMAL SUP. Nº 14","SAN PEDRO","SAN PEDRO","Estatal","Urbano","200","19"
"540199600","0497","INST. SUP. ""ANDRES GUACURARI""","POSADAS","CAPITAL","Privado","Urbano","121","13"
"540199900","0498","INST. ""CRUCERO DEL NORTE""","GARUPA","CAPITAL","Privado","Urbano","257","0"
"540200300","0927","E.F.A. ""SAN JORGE""","WANDA","IGUAZU","Privado","Rural","78","0"
"540201800","1606","INST. AGROTÉCNICO ""PALABRAS DEL ALMA""","POZO AZUL","SAN PEDRO","Privado","Rural Disperso","56","0"
"540201900","0212","E.F.A. ""SAN RAFAEL ARCANGEL""","CAMPO GRANDE","CAINGUAS","Privado","Rural Disperso","105","1"
"540202000","1502","E.F.A. ""SAN PEDRO Y SAN PABLO""","MOJON GRANDE","SAN JAVIER","Privado","Rural Aglomerado","115","0"
"540203200","0928","INST. ""SAN NICOLÁS DE FLÜE""","PUERTO ESPERANZA","IGUAZU","Privado","Urbano","92","1"
"540203700","1318","INST. EDUCATIVO ""STURE ANDERSSON"" - I.E.S.A. -","OBERA","OBERA","Privado","Urbano","107","4"
"540203900","0809","INST. SUP. SALTOS DEL MOCONA","EL SOBERBIO","GUARANI","Privado","Urbano","109","1"
"540206100","0619","E.F.A. ""SAN MIGUEL"" (Ex INST. AGRÍCOLA ""SAN MIGUEL"")","ELDORADO","ELDORADO","Privado","Rural Aglomerado","95","0"
"540206200","0810","E.F.A. ""NTRA. SEÑORA DEL ROSARIO"" (Ex INST. AGRÍCOLA ""NTRA. SEÑORA DEL ROSARIO"")","FRACRAN","GUARANI","Privado","Rural Aglomerado","112","0"
"540206900","2606","B.O.P. Nº 125","FRACRAN","GUARANI","Estatal","Rural Disperso","43","6"
"540209600","1011","INST. ""ANDRES GUACURARI-CERRO AZUL""","CERRO AZUL","LEANDRO N. ALEM","Privado","Urbano","97","0"
"540210600","1012","E.F.A. ""CAÁ YARÍ""","CAA YARI","LEANDRO N. ALEM","Privado","Rural Disperso","55","0"
"540211500","2609","B.O.P. Nº 116 (Ex Aula Sat. Nº 01: ""C.E.P. Nº 30"")","RUIZ DE MONTOYA","LIBERTADOR GRL SAN MARTIN","Estatal","Urbano","171","25"
"549000100","0890","ESC. AGROT. ""ELDORADO""","ELDORADO","ELDORADO","Estatal","Urbano","501","4"
"549000200","0885","LICEO NAVAL MILITAR ""ALTE. STORNI""","POSADAS","CAPITAL","Estatal","Urbano","337","0"
